Победитель,Проигравший,Ничья,Логи,Дата
Победитель,Проигравший,Ничья,Логи,Дата
VladislavZili,sssssaaaaanya,-,@VladislavZili поставил раком @sssssaaaaanya и вправе требовать от него подарок!,2024-12-25 00:51:52+00:00
television4ider,qlknd,-,@television4ider пристрелил @qlknd и заслужил от него гифт!,2024-12-24 21:24:30+00:00
VladislavZili,sssssaaaaanya,-,@VladislavZili поставил раком @sssssaaaaanya и вправе требовать от него подарок!,2024-12-24 16:54:10+00:00
-,-,VladislavZili и sssssaaaaanya,@VladislavZili и @sssssaaaaanya убили друг друга и находятся в паритете!,2024-12-24 16:54:01+00:00
-,-,VladislavZili и sssssaaaaanya,@VladislavZili и @sssssaaaaanya убили друг друга и находятся в паритете!,2024-12-24 16:53:54+00:00
-,-,VladislavZili и sssssaaaaanya,@VladislavZili и @sssssaaaaanya убили друг друга и находятся в паритете!,2024-12-24 16:53:28+00:00
sssssaaaaanya,VladislavZili,-,@sssssaaaaanya пристрелил @VladislavZili и заслужил от него гифт!,2024-12-24 16:53:12+00:00
-,-,VladislavZili и sssssaaaaanya,@VladislavZili и @sssssaaaaanya убили друг друга и находятся в паритете!,2024-12-24 16:53:02+00:00
-,-,VladislavZili и sssssaaaaanya,@VladislavZili и @sssssaaaaanya убили друг друга и находятся в паритете!,2024-12-24 16:52:58+00:00
television4ider,VladislavZili,-,@television4ider пристрелил @VladislavZili и заслужил от него гифт!,2024-12-24 16:51:30+00:00
television4ider,VladislavZili,-,@television4ider пристрелил @VladislavZili и заслужил от него гифт!,2024-12-24 16:51:25+00:00
VladislavZili,ivystropov,-,@VladislavZili поставил раком @ivystropov и вправе требовать от него подарок!,2024-12-24 15:37:06+00:00
VladislavZili,ivystropov,-,@VladislavZili поставил раком @ivystropov и вправе требовать от него подарок!,2024-12-24 15:36:01+00:00
ivystropov,VladislavZili,-,@ivystropov пристрелил @VladislavZili и заслужил от него гифт!,2024-12-24 15:35:00+00:00
VladislavZili,ivystropov,-,@VladislavZili поставил раком @ivystropov и вправе требовать от него подарок!,2024-12-24 15:34:00+00:00
eto312,denis_maestrox,-,@eto312 поставил раком @denis_maestrox и вправе требовать от него подарок!,2024-12-23 20:26:34+00:00
None,VladislavZili,-,@None поставил раком @VladislavZili и вправе требовать от него подарок!,2024-12-23 20:15:27+00:00
VladislavZili,television4ider,-,@VladislavZili поставил раком @television4ider и вправе требовать от него подарок!,2024-12-23 13:48:37+00:00
VladislavZili,television4ider,-,@VladislavZili поставил раком @television4ider и вправе требовать от него подарок!,2024-12-23 13:48:32+00:00
television4ider,VladislavZili,-,@television4ider пристрелил @VladislavZili и заслужил от него гифт!,2024-12-23 13:48:29+00:00
VladislavZili,television4ider,-,@VladislavZili поставил раком @television4ider и вправе требовать от него подарок!,2024-12-23 13:48:25+00:00
television4ider,VladislavZili,-,@television4ider пристрелил @VladislavZili и заслужил от него гифт!,2024-12-23 13:48:19+00:00
VladislavZili,television4ider,-,@VladislavZili поставил раком @television4ider и вправе требовать от него подарок!,2024-12-23 13:48:15+00:00
-,-,VladislavZili и television4ider,@VladislavZili и @television4ider убили друг друга и находятся в паритете!,2024-12-23 13:48:10+00:00
VladislavZili,leshiyronin,-,@VladislavZili поставил раком @leshiyronin и вправе требовать от него подарок!,2024-12-23 11:44:11+00:00
VladislavZili,hatiko1945,-,@VladislavZili поставил раком @hatiko1945 и вправе требовать от него подарок!,2024-12-22 16:20:55+00:00
VladislavZili,hatiko1945,-,@VladislavZili поставил раком @hatiko1945 и вправе требовать от него подарок!,2024-12-22 15:28:29+00:00
hatiko1945,VladislavZili,-,@hatiko1945 пристрелил @VladislavZili и заслужил от него гифт!,2024-12-22 15:27:12+00:00
sssssaaaaanya,VladislavZili,-,@sssssaaaaanya пристрелил @VladislavZili и заслужил от него гифт!,2024-12-22 12:15:19+00:00
sssssaaaaanya,VladislavZili,-,@sssssaaaaanya пристрелил @VladislavZili и заслужил от него гифт!,2024-12-22 12:15:13+00:00
VladislavZili,sssssaaaaanya,-,@VladislavZili поставил раком @sssssaaaaanya и вправе требовать от него подарок!,2024-12-22 12:14:32+00:00
VladislavZili,sssssaaaaanya,-,@VladislavZili поставил раком @sssssaaaaanya и вправе требовать от него подарок!,2024-12-22 12:14:29+00:00
-,-,VladislavZili и sssssaaaaanya,@VladislavZili и @sssssaaaaanya убили друг друга и находятся в паритете!,2024-12-22 12:14:25+00:00
VladislavZili,sssssaaaaanya,-,@VladislavZili поставил раком @sssssaaaaanya и вправе требовать от него подарок!,2024-12-22 12:14:17+00:00
VladislavZili,sssssaaaaanya,-,@VladislavZili поставил раком @sssssaaaaanya и вправе требовать от него подарок!,2024-12-22 12:14:08+00:00
sssssaaaaanya,VladislavZili,-,@sssssaaaaanya пристрелил @VladislavZili и заслужил от него гифт!,2024-12-22 12:13:00+00:00
VladislavZili,sssssaaaaanya,-,@VladislavZili поставил раком @sssssaaaaanya и вправе требовать от него подарок!,2024-12-22 12:12:57+00:00
sssssaaaaanya,VladislavZili,-,@sssssaaaaanya пристрелил @VladislavZili и заслужил от него гифт!,2024-12-22 12:12:54+00:00
-,-,VladislavZili и sssssaaaaanya,@VladislavZili и @sssssaaaaanya убили друг друга и находятся в паритете!,2024-12-22 12:12:51+00:00
sssssaaaaanya,VladislavZili,-,@sssssaaaaanya пристрелил @VladislavZili и заслужил от него гифт!,2024-12-22 12:12:48+00:00
-,-,VladislavZili и sssssaaaaanya,@VladislavZili и @sssssaaaaanya убили друг друга и находятся в паритете!,2024-12-22 12:12:43+00:00
-,-,VladislavZili и television4ider,@VladislavZili и @television4ider убили друг друга и находятся в паритете!,2024-12-22 12:08:47+00:00
-,-,VladislavZili и television4ider,@VladislavZili и @television4ider убили друг друга и находятся в паритете!,2024-12-22 12:08:39+00:00
television4ider,VladislavZili,-,@television4ider пристрелил @VladislavZili и заслужил от него гифт!,2024-12-22 12:08:35+00:00
-,-,VladislavZili и television4ider,@VladislavZili и @television4ider убили друг друга и находятся в паритете!,2024-12-22 12:08:32+00:00
-,-,VladislavZili и television4ider,@VladislavZili и @television4ider убили друг друга и находятся в паритете!,2024-12-22 12:08:28+00:00
VladislavZili,television4ider,-,@VladislavZili поставил раком @television4ider и вправе требовать от него подарок!,2024-12-22 12:08:25+00:00
television4ider,VladislavZili,-,@television4ider пристрелил @VladislavZili и заслужил от него гифт!,2024-12-22 11:09:31+00:00
television4ider,VladislavZili,-,@television4ider пристрелил @VladislavZili и заслужил от него гифт!,2024-12-22 11:09:28+00:00
television4ider,VladislavZili,-,@television4ider пристрелил @VladislavZili и заслужил от него гифт!,2024-12-22 11:09:25+00:00
VladislavZili,television4ider,-,@VladislavZili поставил раком @television4ider и вправе требовать от него подарок!,2024-12-22 11:09:22+00:00
-,-,VladislavZili и television4ider,@VladislavZili и @television4ider убили друг друга и находятся в паритете!,2024-12-22 11:09:19+00:00
VladislavZili,television4ider,-,@VladislavZili поставил раком @television4ider и вправе требовать от него подарок!,2024-12-22 11:09:16+00:00
television4ider,VladislavZili,-,@television4ider пристрелил @VladislavZili и заслужил от него гифт!,2024-12-22 11:09:12+00:00
VladislavZili,television4ider,-,@VladislavZili поставил раком @television4ider и вправе требовать от него подарок!,2024-12-22 11:07:28+00:00
-,-,VladislavZili и television4ider,@VladislavZili и @television4ider убили друг друга и находятся в паритете!,2024-12-22 11:07:24+00:00
VladislavZili,television4ider,-,@VladislavZili поставил раком @television4ider и вправе требовать от него подарок!,2024-12-22 11:07:21+00:00
VladislavZili,television4ider,-,@VladislavZili поставил раком @television4ider и вправе требовать от него подарок!,2024-12-22 11:07:17+00:00
television4ider,VladislavZili,-,@television4ider пристрелил @VladislavZili и заслужил от него гифт!,2024-12-22 11:07:12+00:00
VladislavZili,hatiko1945,-,@VladislavZili поставил раком @hatiko1945 и вправе требовать от него подарок!,2024-12-22 09:22:59+00:00
-,-,VladislavZili и hatiko1945,@VladislavZili и @hatiko1945 убили друг друга и находятся в паритете!,2024-12-22 09:22:56+00:00
-,-,VladislavZili и hatiko1945,@VladislavZili и @hatiko1945 убили друг друга и находятся в паритете!,2024-12-22 09:22:52+00:00
VladislavZili,hatiko1945,-,@VladislavZili поставил раком @hatiko1945 и вправе требовать от него подарок!,2024-12-22 09:21:43+00:00
-,-,VladislavZili и hatiko1945,@VladislavZili и @hatiko1945 убили друг друга и находятся в паритете!,2024-12-22 09:21:41+00:00
-,-,VladislavZili и hatiko1945,@VladislavZili и @hatiko1945 убили друг друга и находятся в паритете!,2024-12-22 09:21:38+00:00
-,-,VladislavZili и hatiko1945,@VladislavZili и @hatiko1945 убили друг друга и находятся в паритете!,2024-12-22 09:21:34+00:00
television4ider,television4ider,-,@television4ider поставил раком @television4ider и вправе требовать от него подарок!,2024-12-22 09:07:15+00:00
VladislavZili,television4ider,-,@VladislavZili поставил раком @television4ider и вправе требовать от него подарок!,2024-12-22 08:19:03+00:00
-,-,VladislavZili и television4ider,@VladislavZili и @television4ider убили друг друга и находятся в паритете!,2024-12-22 08:19:00+00:00
VladislavZili,television4ider,-,@VladislavZili поставил раком @television4ider и вправе требовать от него подарок!,2024-12-22 08:18:56+00:00
ss_max,arkash_a,-,@ss_max поставил раком @arkash_a и вправе требовать от него подарок!,2024-12-22 08:14:39+00:00
ss_max,arkash_a,-,@ss_max пристрелил @arkash_a и заслужил от него гифт!,2024-12-22 08:14:15+00:00
-,-,arkash_a и ss_max,@arkash_a и @ss_max убили друг друга и находятся в паритете!,2024-12-22 08:14:11+00:00
ss_max,arkash_a,-,@ss_max пристрелил @arkash_a и заслужил от него гифт!,2024-12-22 08:13:35+00:00
ss_max,arkash_a,-,@ss_max пристрелил @arkash_a и заслужил от него гифт!,2024-12-22 08:13:29+00:00
arkash_a,ss_max,-,@arkash_a пристрелил @ss_max и заслужил от него гифт!,2024-12-22 08:13:19+00:00
-,-,arkash_a и ss_max,@arkash_a и @ss_max убили друг друга и находятся в паритете!,2024-12-22 08:13:19+00:00
-,-,ss_max и arkash_a,@ss_max и @arkash_a убили друг друга и находятся в паритете!,2024-12-22 08:13:11+00:00
hatiko1945,VladislavZili,-,@hatiko1945 пристрелил @VladislavZili и заслужил от него гифт!,2024-12-22 08:08:03+00:00
-,-,VladislavZili и hatiko1945,@VladislavZili и @hatiko1945 убили друг друга и находятся в паритете!,2024-12-22 08:07:55+00:00
ss_max,television4ider,-,@ss_max пристрелил @television4ider и заслужил от него гифт!,2024-12-22 07:54:15+00:00
arkash_a,ss_max,-,@arkash_a поставил раком @ss_max и вправе требовать от него подарок!,2024-12-22 07:54:01+00:00
-,-,arkash_a и ss_max,@arkash_a и @ss_max убили друг друга и находятся в паритете!,2024-12-22 07:53:51+00:00
hatiko1945,VladislavZili,-,@hatiko1945 пристрелил @VladislavZili и заслужил от него гифт!,2024-12-22 07:53:35+00:00
VladislavZili,VladislavZili,-,@VladislavZili поставил раком @VladislavZili и вправе требовать от него подарок!,2024-12-22 07:53:35+00:00
arkash_a,ss_max,-,@arkash_a пристрелил @ss_max и заслужил от него гифт!,2024-12-22 07:53:18+00:00
VladislavZili,television4ider,-,@VladislavZili поставил раком @television4ider и вправе требовать от него подарок!,2024-12-22 07:48:50+00:00
-,-,VladislavZili и television4ider,@VladislavZili и @television4ider убили друг друга и находятся в паритете!,2024-12-22 07:48:47+00:00
VladislavZili,television4ider,-,@VladislavZili поставил раком @television4ider и вправе требовать от него подарок!,2024-12-22 07:48:41+00:00
television4ider,snorkovsky,-,@television4ider пристрелил @snorkovsky и заслужил от него гифт!,2024-12-22 07:45:30+00:00
television4ider,snorkovsky,-,@television4ider пристрелил @snorkovsky и заслужил от него гифт!,2024-12-22 07:45:09+00:00
hatiko1945,VladislavZili,-,@hatiko1945 пристрелил @VladislavZili и заслужил от него гифт!,2024-12-22 07:44:46+00:00
hatiko1945,VladislavZili,-,@hatiko1945 пристрелил @VladislavZili и заслужил от него гифт!,2024-12-22 07:39:59+00:00
eto312,ss_max,-,@eto312 поставил раком @ss_max и заслуживает услышать от него музыку!,2024-12-21 20:30:01+00:00
eto312,sssssaaaaanya,-,@eto312 поставил раком @sssssaaaaanya и вправе требовать от него подарок!,2024-12-21 18:41:31+00:00
ss_max,None,-,@ss_max пристрелил @None и заслужил от него гифт!,2024-12-21 18:40:16+00:00
eto312,ss_max,-,@eto312 поставил раком @ss_max и вправе требовать от него подарок!,2024-12-21 18:40:08+00:00
-,-,eto312 и ss_max,@eto312 и @ss_max убили друг друга и находятся в паритете!,2024-12-21 18:40:01+00:00
ss_max,None,-,@ss_max пристрелил @None и заслужил от него гифт!,2024-12-21 18:37:53+00:00
ss_max,eto312,-,@ss_max пристрелил @eto312 и заслужил от него гифт!,2024-12-21 18:37:36+00:00
-,-,eto312 и ss_max,@eto312 и @ss_max убили друг друга и находятся в паритете!,2024-12-21 18:37:27+00:00
eto312,ss_max,-,@eto312 поставил раком @ss_max и вправе требовать от него подарок!,2024-12-21 18:37:19+00:00
ss_max,eto312,-,@ss_max пристрелил @eto312 и заслужил от него гифт!,2024-12-21 18:37:06+00:00
eto312,ss_max,-,@eto312 поставил раком @ss_max и вправе требовать от него подарок!,2024-12-21 18:36:56+00:00
-,-,eto312 и ss_max,@eto312 и @ss_max убили друг друга и находятся в паритете!,2024-12-21 18:36:44+00:00
ss_max,eto312,-,@ss_max пристрелил @eto312 и заслужил от него гифт!,2024-12-21 18:36:31+00:00
None,ss_max,-,@None поставил раком @ss_max и вправе требовать от него подарок!,2024-12-21 18:36:12+00:00
-,-,eto312 и ss_max,@eto312 и @ss_max убили друг друга и находятся в паритете!,2024-12-21 18:35:44+00:00
ss_max,None,-,@ss_max пристрелил @None и заслужил от него гифт!,2024-12-21 18:35:26+00:00
ss_max,eto312,-,@ss_max пристрелил @eto312 и заслужил от него гифт!,2024-12-21 18:35:18+00:00
None,sssssaaaaanya,-,@None поставил раком @sssssaaaaanya и вправе требовать от него подарок!,2024-12-21 18:33:30+00:00
denis_maestrox,sssssaaaaanya,-,@denis_maestrox поставил раком @sssssaaaaanya и вправе требовать от него подарок!,2024-12-21 18:33:15+00:00
-,-,sssssaaaaanya и denis_maestrox,@sssssaaaaanya и @denis_maestrox убили друг друга и находятся в паритете!,2024-12-21 18:32:28+00:00
None,sssssaaaaanya,-,@None поставил раком @sssssaaaaanya и вправе требовать от него подарок!,2024-12-21 18:32:21+00:00
-,-,qlknd и denis_maestrox,@qlknd и @denis_maestrox убили друг друга и находятся в паритете!,2024-12-21 18:32:21+00:00
Da18334,denis_maestrox,-,@Da18334 поставил раком @denis_maestrox и вправе требовать от него подарок!,2024-12-21 18:32:14+00:00
-,-,None и sssssaaaaanya,@None и @sssssaaaaanya убили друг друга и находятся в паритете!,2024-12-21 18:32:07+00:00
denis_maestrox,eto312,-,@denis_maestrox пристрелил @eto312 и заслужил от него гифт!,2024-12-21 18:32:00+00:00
qlknd,denis_maestrox,-,@qlknd поставил раком @denis_maestrox и вправе требовать от него подарок!,2024-12-21 18:31:55+00:00
-,-,qlknd и denis_maestrox,@qlknd и @denis_maestrox убили друг друга и находятся в паритете!,2024-12-21 18:31:50+00:00
-,-,eto312 и arkash_a,@eto312 и @arkash_a убили друг друга и находятся в паритете!,2024-12-21 16:09:11+00:00
ivystropov,ss_max,-,@ivystropov пристрелил @ss_max и заслужил от него гифт!,2024-12-21 16:09:02+00:00
arkash_a,sssssaaaaanya,-,@arkash_a поставил раком @sssssaaaaanya и вправе требовать от него подарок!,2024-12-21 16:01:06+00:00
arkash_a,Akameeeui,-,@arkash_a поставил раком @Akameeeui и вправе требовать от него подарок!,2024-12-21 15:53:05+00:00
Akameeeui,arkash_a,-,@Akameeeui поставил раком @arkash_a и вправе требовать от него подарок!,2024-12-21 15:53:00+00:00
arkash_a,eto312,-,@arkash_a пристрелил @eto312 и заслужил от него гифт!,2024-12-21 15:41:29+00:00
-,-,VladislavZili и denis_maestrox,@VladislavZili и @denis_maestrox убили друг друга и находятся в паритете!,2024-12-21 15:38:51+00:00
VladislavZili,denis_maestrox,-,@VladislavZili поставил раком @denis_maestrox и вправе требовать от него подарок!,2024-12-21 15:38:49+00:00
-,-,VladislavZili и denis_maestrox,@VladislavZili и @denis_maestrox убили друг друга и находятся в паритете!,2024-12-21 15:38:47+00:00
arkash_a,denis_maestrox,-,@arkash_a пристрелил @denis_maestrox и заслужил от него гифт!,2024-12-21 15:37:32+00:00
-,-,eto312 и arkash_a,@eto312 и @arkash_a убили друг друга и находятся в паритете!,2024-12-21 15:35:27+00:00
arkash_a,eto312,-,@arkash_a пристрелил @eto312 и заслужил от него гифт!,2024-12-21 15:34:48+00:00
VladislavZili,arkash_a,-,@VladislavZili поставил раком @arkash_a и вправе требовать от него подарок!,2024-12-21 15:34:27+00:00
television4ider,VladislavZili,-,@television4ider пристрелил @VladislavZili и заслужил от него гифт!,2024-12-21 15:14:23+00:00
television4ider,VladislavZili,-,@television4ider пристрелил @VladislavZili и заслужил от него гифт!,2024-12-21 15:14:18+00:00
-,-,denis_maestrox и television4ider,@denis_maestrox и @television4ider убили друг друга и находятся в паритете!,2024-12-21 15:13:40+00:00
eto312,ss_max,-,@eto312 поставил раком @ss_max и вправе требовать от него подарок!,2024-12-21 15:13:35+00:00
ss_max,eto312,-,@ss_max пристрелил @eto312 и заслужил от него гифт!,2024-12-21 15:13:08+00:00
VladislavZili,eto312,-,@VladislavZili поставил раком @eto312 и вправе требовать от него подарок!,2024-12-21 15:09:35+00:00
denis_maestrox,eto312,-,@denis_maestrox пристрелил @eto312 и заслужил от него гифт!,2024-12-21 15:09:27+00:00
ivystropov,sssssaaaaanya,-,@ivystropov поставил раком @sssssaaaaanya и вправе требовать от него подарок!,2024-12-21 11:14:01+00:00
sssssaaaaanya,mrroomerz,-,@sssssaaaaanya пристрелил @mrroomerz и заслужил от него гифт!,2024-12-21 11:13:20+00:00
mrroomerz,ivystropov,-,@mrroomerz поставил раком @ivystropov и вправе требовать от него подарок!,2024-12-21 11:11:20+00:00
VladislavZili,television4ider,-,@VladislavZili поставил раком @television4ider и вправе требовать от него подарок!,2024-12-21 11:08:43+00:00
-,-,denis_maestrox и television4ider,@denis_maestrox и @television4ider убили друг друга и находятся в паритете!,2024-12-21 11:08:02+00:00
VladislavZili,television4ider,-,@VladislavZili поставил раком @television4ider и вправе требовать от него подарок!,2024-12-21 11:07:27+00:00
VladislavZili,television4ider,-,@VladislavZili поставил раком @television4ider и вправе требовать от него подарок!,2024-12-21 11:07:13+00:00
sssssaaaaanya,VladislavZili,-,@sssssaaaaanya пристрелил @VladislavZili и заслужил от него гифт!,2024-12-21 11:04:10+00:00
-,-,arkash_a и sssssaaaaanya,@arkash_a и @sssssaaaaanya убили друг друга и находятся в паритете!,2024-12-21 10:54:39+00:00
sssssaaaaanya,mrroomerz,-,@sssssaaaaanya пристрелил @mrroomerz и заслужил от него гифт!,2024-12-21 09:28:14+00:00
ivystropov,VladislavZili,-,@ivystropov пристрелил @VladislavZili и заслужил от него гифт!,2024-12-20 18:41:43+00:00
VladislavZili,television4ider,-,@VladislavZili поставил раком @television4ider и вправе требовать от него подарок!,2024-12-19 16:58:20+00:00
television4ider,sssssaaaaanya,-,@television4ider пристрелил @sssssaaaaanya и заслужил от него гифт!,2024-12-19 16:27:24+00:00
-,-,sssssaaaaanya и sssssaaaaanya,@sssssaaaaanya и @sssssaaaaanya убили друг друга и находятся в паритете!,2024-12-19 14:55:04+00:00
VladislavZili,hatiko1945,-,@VladislavZili поставил раком @hatiko1945 и вправе требовать от него подарок!,2024-12-19 14:54:35+00:00
VladislavZili,hatiko1945,-,@VladislavZili поставил раком @hatiko1945 и вправе требовать от него подарок!,2024-12-19 14:54:32+00:00
VladislavZili,hatiko1945,-,@VladislavZili поставил раком @hatiko1945 и вправе требовать от него подарок!,2024-12-19 14:54:27+00:00
hatiko1945,VladislavZili,-,@hatiko1945 пристрелил @VladislavZili и заслужил от него гифт!,2024-12-19 14:54:16+00:00
-,-,VladislavZili и hatiko1945,@VladislavZili и @hatiko1945 убили друг друга и находятся в паритете!,2024-12-19 14:54:14+00:00
-,-,VladislavZili и hatiko1945,@VladislavZili и @hatiko1945 убили друг друга и находятся в паритете!,2024-12-19 14:54:12+00:00
-,-,VladislavZili и hatiko1945,@VladislavZili и @hatiko1945 убили друг друга и находятся в паритете!,2024-12-19 14:54:09+00:00
VladislavZili,hatiko1945,-,@VladislavZili поставил раком @hatiko1945 и вправе требовать от него подарок!,2024-12-19 14:54:07+00:00
hatiko1945,VladislavZili,-,@hatiko1945 пристрелил @VladislavZili и заслужил от него гифт!,2024-12-19 14:54:04+00:00
-,-,VladislavZili и hatiko1945,@VladislavZili и @hatiko1945 убили друг друга и находятся в паритете!,2024-12-19 14:54:00+00:00
VladislavZili,hatiko1945,-,@VladislavZili поставил раком @hatiko1945 и вправе требовать от него подарок!,2024-12-19 14:53:57+00:00
hatiko1945,VladislavZili,-,@hatiko1945 пристрелил @VladislavZili и заслужил от него гифт!,2024-12-19 14:53:54+00:00
VladislavZili,hatiko1945,-,@VladislavZili поставил раком @hatiko1945 и вправе требовать от него подарок!,2024-12-19 14:53:52+00:00
-,-,VladislavZili и hatiko1945,@VladislavZili и @hatiko1945 убили друг друга и находятся в паритете!,2024-12-19 14:53:49+00:00
hatiko1945,VladislavZili,-,@hatiko1945 пристрелил @VladislavZili и заслужил от него гифт!,2024-12-19 14:53:42+00:00
-,-,VladislavZili и hatiko1945,@VladislavZili и @hatiko1945 убили друг друга и находятся в паритете!,2024-12-19 14:53:39+00:00
Akameeeui,hatiko1945,-,@Akameeeui поставил раком @hatiko1945 и вправе требовать от него подарок!,2024-12-19 14:53:35+00:00
VladislavZili,hatiko1945,-,@VladislavZili поставил раком @hatiko1945 и вправе требовать от него подарок!,2024-12-19 14:53:32+00:00
VladislavZili,hatiko1945,-,@VladislavZili поставил раком @hatiko1945 и вправе требовать от него подарок!,2024-12-19 14:53:28+00:00
-,-,VladislavZili и hatiko1945,@VladislavZili и @hatiko1945 убили друг друга и находятся в паритете!,2024-12-19 14:53:22+00:00
hatiko1945,Akameeeui,-,@hatiko1945 пристрелил @Akameeeui и заслужил от него гифт!,2024-12-19 14:52:50+00:00
hatiko1945,VladislavZili,-,@hatiko1945 пристрелил @VladislavZili и заслужил от него гифт!,2024-12-19 14:52:42+00:00
-,-,VladislavZili и hatiko1945,@VladislavZili и @hatiko1945 убили друг друга и находятся в паритете!,2024-12-19 14:52:38+00:00
VladislavZili,hatiko1945,-,@VladislavZili поставил раком @hatiko1945 и вправе требовать от него подарок!,2024-12-19 14:52:33+00:00
VladislavZili,hatiko1945,-,@VladislavZili поставил раком @hatiko1945 и вправе требовать от него подарок!,2024-12-19 14:52:22+00:00
Genakus,sssssaaaaanya,-,@Genakus пристрелил @sssssaaaaanya и заслужил от него гифт!,2024-12-19 14:08:24+00:00
Genakus,sssssaaaaanya,-,@Genakus поставил раком @sssssaaaaanya и вправе требовать от него подарок!,2024-12-19 14:05:18+00:00
-,-,sssssaaaaanya и denis_maestrox,@sssssaaaaanya и @denis_maestrox убили друг друга и находятся в паритете!,2024-12-19 14:05:11+00:00
-,-,sssssaaaaanya и denis_maestrox,@sssssaaaaanya и @denis_maestrox убили друг друга и находятся в паритете!,2024-12-19 14:05:09+00:00
sssssaaaaanya,denis_maestrox,-,@sssssaaaaanya поставил раком @denis_maestrox и вправе требовать от него подарок!,2024-12-19 14:05:07+00:00
denis_maestrox,sssssaaaaanya,-,@denis_maestrox пристрелил @sssssaaaaanya и заслужил от него гифт!,2024-12-19 14:05:06+00:00
denis_maestrox,Genakus,-,@denis_maestrox пристрелил @Genakus и заслужил от него гифт!,2024-12-19 14:05:04+00:00
denis_maestrox,sssssaaaaanya,-,@denis_maestrox пристрелил @sssssaaaaanya и заслужил от него гифт!,2024-12-19 14:05:01+00:00
denis_maestrox,Genakus,-,@denis_maestrox пристрелил @Genakus и заслужил от него гифт!,2024-12-19 14:04:59+00:00
hatiko1945,VladislavZili,-,@hatiko1945 пристрелил @VladislavZili и заслужил от него гифт!,2024-12-19 14:03:29+00:00
sssssaaaaanya,VladislavZili,-,@sssssaaaaanya пристрелил @VladislavZili и заслужил от него гифт!,2024-12-19 14:03:24+00:00
denis_maestrox,hatiko1945,-,@denis_maestrox поставил раком @hatiko1945 и вправе требовать от него подарок!,2024-12-19 14:03:24+00:00
-,-,VladislavZili и VladislavZili,@VladislavZili и @VladislavZili убили друг друга и находятся в паритете!,2024-12-19 14:03:24+00:00
-,-,denis_maestrox и hatiko1945,@denis_maestrox и @hatiko1945 убили друг друга и находятся в паритете!,2024-12-19 14:03:24+00:00
-,-,denis_maestrox и hatiko1945,@denis_maestrox и @hatiko1945 убили друг друга и находятся в паритете!,2024-12-19 14:03:24+00:00
-,-,denis_maestrox и hatiko1945,@denis_maestrox и @hatiko1945 убили друг друга и находятся в паритете!,2024-12-19 14:03:24+00:00
VladislavZili,qlknd,-,@VladislavZili пристрелил @qlknd и заслужил от него гифт!,2024-12-19 13:06:32+00:00
-,-,VladislavZili и hatiko1945,@VladislavZili и @hatiko1945 убили друг друга и находятся в паритете!,2024-12-19 13:05:36+00:00
hatiko1945,VladislavZili,-,@hatiko1945 пристрелил @VladislavZili и заслужил от него гифт!,2024-12-19 13:04:28+00:00
-,-,qlknd и hatiko1945,@qlknd и @hatiko1945 убили друг друга и находятся в паритете!,2024-12-19 13:04:18+00:00
-,-,VladislavZili и hatiko1945,@VladislavZili и @hatiko1945 убили друг друга и находятся в паритете!,2024-12-19 13:03:36+00:00
-,-,sssssaaaaanya и television4ider,@sssssaaaaanya и @television4ider убили друг друга и находятся в паритете!,2024-12-19 10:59:59+00:00
-,-,Da18334 и television4ider,@Da18334 и @television4ider убили друг друга и находятся в паритете!,2024-12-19 10:59:53+00:00
Da18334,denis_maestrox,-,@Da18334 поставил раком @denis_maestrox и вправе требовать от него подарок!,2024-12-19 10:59:21+00:00
denis_maestrox,Da18334,-,@denis_maestrox пристрелил @Da18334 и заслужил от него гифт!,2024-12-19 10:58:54+00:00
denis_maestrox,Da18334,-,@denis_maestrox пристрелил @Da18334 и заслужил от него гифт!,2024-12-19 10:51:11+00:00
hatiko1945,VladislavZili,-,@hatiko1945 пристрелил @VladislavZili и заслужил от него гифт!,2024-12-19 08:35:15+00:00
n2kdoogy,television4ider,-,@n2kdoogy поставил раком @television4ider и вправе требовать от него подарок!,2024-12-19 04:26:11+00:00
sssssaaaaanya,sssssaaaaanya,-,@sssssaaaaanya пристрелил @sssssaaaaanya и заслужил от него гифт!,2024-12-18 19:14:59+00:00
VladislavZili,VladislavZili,-,@VladislavZili поставил раком @VladislavZili и вправе требовать от него подарок!,2024-12-18 12:48:54+00:00
sssssaaaaanya,sssssaaaaanya,-,@sssssaaaaanya пристрелил @sssssaaaaanya и заслужил от него гифт!,2024-12-18 10:54:55+00:00
-,-,sssssaaaaanya и sssssaaaaanya,@sssssaaaaanya и @sssssaaaaanya убили друг друга и находятся в паритете!,2024-12-18 10:54:53+00:00
-,-,Strapony2k и ivystropov,@Strapony2k и @ivystropov убили друг друга и находятся в паритете!,2024-12-18 08:46:16+00:00
mrroomerz,mrroomerz,-,@mrroomerz пристрелил @mrroomerz и заслужил от него гифт!,2024-12-17 23:08:02+00:00
qlknd,qlknd,-,@qlknd пристрелил @qlknd и заслужил от него гифт!,2024-12-17 22:10:36+00:00
VladislavZili,Re1axYolo,-,@VladislavZili поставил раком @Re1axYolo и вправе требовать от него подарок!,2024-12-17 20:07:42+00:00
sssssaaaaanya,VladislavZili,-,@sssssaaaaanya пристрелил @VladislavZili и заслужил от него гифт!,2024-12-17 20:06:52+00:00
-,-,denis_maestrox и sssssaaaaanya,@denis_maestrox и @sssssaaaaanya убили друг друга и находятся в паритете!,2024-12-17 20:06:49+00:00
-,-,sssssaaaaanya и denis_maestrox,@sssssaaaaanya и @denis_maestrox убили друг друга и находятся в паритете!,2024-12-17 20:06:44+00:00
VladislavZili,hatiko1945,-,@VladislavZili поставил раком @hatiko1945 и вправе требовать от него подарок!,2024-12-17 18:42:51+00:00
-,-,mrroomerz и hatiko1945,@mrroomerz и @hatiko1945 убили друг друга и находятся в паритете!,2024-12-17 11:42:50+00:00
-,-,VladislavZili и hatiko1945,@VladislavZili и @hatiko1945 убили друг друга и находятся в паритете!,2024-12-17 10:22:59+00:00
VladislavZili,hatiko1945,-,@VladislavZili поставил раком @hatiko1945 и вправе требовать от него подарок!,2024-12-17 10:22:57+00:00
VladislavZili,hatiko1945,-,@VladislavZili поставил раком @hatiko1945 и вправе требовать от него подарок!,2024-12-17 10:22:54+00:00
VladislavZili,hatiko1945,-,@VladislavZili поставил раком @hatiko1945 и вправе требовать от него подарок!,2024-12-17 10:22:52+00:00
VladislavZili,hatiko1945,-,@VladislavZili поставил раком @hatiko1945 и вправе требовать от него подарок!,2024-12-17 10:22:49+00:00
-,-,VladislavZili и hatiko1945,@VladislavZili и @hatiko1945 убили друг друга и находятся в паритете!,2024-12-17 10:22:47+00:00
VladislavZili,hatiko1945,-,@VladislavZili поставил раком @hatiko1945 и вправе требовать от него подарок!,2024-12-17 10:22:45+00:00
-,-,VladislavZili и hatiko1945,@VladislavZili и @hatiko1945 убили друг друга и находятся в паритете!,2024-12-17 10:22:42+00:00
VladislavZili,hatiko1945,-,@VladislavZili поставил раком @hatiko1945 и вправе требовать от него подарок!,2024-12-17 10:22:40+00:00
-,-,VladislavZili и hatiko1945,@VladislavZili и @hatiko1945 убили друг друга и находятся в паритете!,2024-12-17 10:22:37+00:00
hatiko1945,VladislavZili,-,@hatiko1945 пристрелил @VladislavZili и заслужил от него гифт!,2024-12-17 10:22:33+00:00
-,-,VladislavZili и hatiko1945,@VladislavZili и @hatiko1945 убили друг друга и находятся в паритете!,2024-12-17 10:22:30+00:00
VladislavZili,hatiko1945,-,@VladislavZili поставил раком @hatiko1945 и вправе требовать от него подарок!,2024-12-17 10:22:26+00:00
VladislavZili,hatiko1945,-,@VladislavZili поставил раком @hatiko1945 и вправе требовать от него подарок!,2024-12-17 10:22:23+00:00
VladislavZili,hatiko1945,-,@VladislavZili поставил раком @hatiko1945 и вправе требовать от него подарок!,2024-12-17 10:22:18+00:00
VladislavZili,hatiko1945,-,@VladislavZili поставил раком @hatiko1945 и вправе требовать от него подарок!,2024-12-17 10:21:55+00:00
hatiko1945,VladislavZili,-,@hatiko1945 пристрелил @VladislavZili и заслужил от него гифт!,2024-12-17 10:07:22+00:00
Re1axYolo,VladislavZili,-,@Re1axYolo пристрелил @VladislavZili и заслужил от него гифт!,2024-12-17 10:00:28+00:00
-,-,mrroomerz и denis_maestrox,@mrroomerz и @denis_maestrox убили друг друга и находятся в паритете!,2024-12-17 09:18:11+00:00
Genakus,Genakus,-,@Genakus поставил раком @Genakus и вправе требовать от него подарок!,2024-12-17 09:10:32+00:00
mrroomerz,denis_maestrox,-,@mrroomerz поставил раком @denis_maestrox и вправе требовать от него подарок!,2024-12-17 08:58:17+00:00
denis_maestrox,denis_maestrox,-,@denis_maestrox поставил раком @denis_maestrox и вправе требовать от него подарок!,2024-12-16 23:49:14+00:00
denis_maestrox,denis_maestrox,-,@denis_maestrox поставил раком @denis_maestrox и вправе требовать от него подарок!,2024-12-16 23:45:21+00:00
denis_maestrox,denis_maestrox,-,@denis_maestrox пристрелил @denis_maestrox и заслужил от него гифт!,2024-12-16 23:44:41+00:00
mrroomerz,denis_maestrox,-,@mrroomerz поставил раком @denis_maestrox и вправе требовать от него подарок!,2024-12-16 20:48:37+00:00
denis_maestrox,mrroomerz,-,@denis_maestrox поставил раком @mrroomerz и вправе требовать от него подарок!,2024-12-16 20:34:41+00:00
mrroomerz,denis_maestrox,-,@mrroomerz поставил раком @denis_maestrox и вправе требовать от него подарок!,2024-12-16 20:32:46+00:00
denis_maestrox,mrroomerz,-,@denis_maestrox пристрелил @mrroomerz и заслужил от него гифт!,2024-12-16 20:31:30+00:00
-,-,hatiko1945 и denis_maestrox,@hatiko1945 и @denis_maestrox убили друг друга и находятся в паритете!,2024-12-16 20:31:22+00:00
VladislavZili,denis_maestrox,-,@VladislavZili поставил раком @denis_maestrox и вправе требовать от него подарок!,2024-12-16 20:31:15+00:00
hatiko1945,denis_maestrox,-,@hatiko1945 поставил раком @denis_maestrox и вправе требовать от него подарок!,2024-12-16 20:31:02+00:00
VladislavZili,hatiko1945,-,@VladislavZili поставил раком @hatiko1945 и вправе требовать от него подарок!,2024-12-16 19:40:38+00:00
hatiko1945,hatiko1945,-,@hatiko1945 поставил раком @hatiko1945 и вправе требовать от него подарок!,2024-12-16 18:59:44+00:00
VladislavZili,hatiko1945,-,@VladislavZili поставил раком @hatiko1945 и вправе требовать от него подарок!,2024-12-16 18:48:26+00:00
VladislavZili,hatiko1945,-,@VladislavZili поставил раком @hatiko1945 и вправе требовать от него подарок!,2024-12-16 18:48:05+00:00
-,-,VladislavZili и sssssaaaaanya,@VladislavZili и @sssssaaaaanya убили друг друга и находятся в паритете!,2024-12-16 17:47:23+00:00
hatiko1945,VladislavZili,-,@hatiko1945 пристрелил @VladislavZili и заслужил от него гифт!,2024-12-16 17:23:06+00:00
-,-,VladislavZili и hatiko1945,@VladislavZili и @hatiko1945 убили друг друга и находятся в паритете!,2024-12-16 17:22:54+00:00
hatiko1945,VladislavZili,-,@hatiko1945 пристрелил @VladislavZili и заслужил от него гифт!,2024-12-16 17:21:53+00:00
-,-,VladislavZili и hatiko1945,@VladislavZili и @hatiko1945 убили друг друга и находятся в паритете!,2024-12-16 17:21:48+00:00
hatiko1945,VladislavZili,-,@hatiko1945 пристрелил @VladislavZili и заслужил от него гифт!,2024-12-16 17:17:12+00:00
VladislavZili,hatiko1945,-,@VladislavZili поставил раком @hatiko1945 и вправе требовать от него подарок!,2024-12-16 17:16:44+00:00
hatiko1945,VladislavZili,-,@hatiko1945 пристрелил @VladislavZili и заслужил от него гифт!,2024-12-16 17:15:06+00:00
-,-,VladislavZili и hatiko1945,@VladislavZili и @hatiko1945 убили друг друга и находятся в паритете!,2024-12-16 17:15:04+00:00
-,-,VladislavZili и hatiko1945,@VladislavZili и @hatiko1945 убили друг друга и находятся в паритете!,2024-12-16 17:15:01+00:00
hatiko1945,VladislavZili,-,@hatiko1945 пристрелил @VladislavZili и заслужил от него гифт!,2024-12-16 17:14:54+00:00
VladislavZili,hatiko1945,-,@VladislavZili поставил раком @hatiko1945 и вправе требовать от него подарок!,2024-12-16 17:14:51+00:00
-,-,VladislavZili и hatiko1945,@VladislavZili и @hatiko1945 убили друг друга и находятся в паритете!,2024-12-16 17:14:49+00:00
-,-,VladislavZili и hatiko1945,@VladislavZili и @hatiko1945 убили друг друга и находятся в паритете!,2024-12-16 17:14:24+00:00
-,-,sssssaaaaanya и sssssaaaaanya,@sssssaaaaanya и @sssssaaaaanya убили друг друга и находятся в паритете!,2024-12-16 15:04:23+00:00
hatiko1945,leshiyronin,-,@hatiko1945 пристрелил @leshiyronin и заслужил от него гифт!,2024-12-16 15:00:33+00:00
hatiko1945,leshiyronin,-,@hatiko1945 пристрелил @leshiyronin и заслужил от него гифт!,2024-12-16 15:00:33+00:00
Genakus,hatiko1945,-,@Genakus поставил раком @hatiko1945 и вправе требовать от него подарок!,2024-12-16 13:51:23+00:00
-,-,Genakus и hatiko1945,@Genakus и @hatiko1945 убили друг друга и находятся в паритете!,2024-12-16 13:51:05+00:00
hatiko1945,hatiko1945,-,@hatiko1945 поставил раком @hatiko1945 и вправе требовать от него подарок!,2024-12-16 13:32:38+00:00
VladislavZili,hatiko1945,-,@VladislavZili поставил раком @hatiko1945 и вправе требовать от него подарок!,2024-12-16 13:27:58+00:00
-,-,Genakus и hatiko1945,@Genakus и @hatiko1945 убили друг друга и находятся в паритете!,2024-12-16 13:23:24+00:00
denis_maestrox,Genakus,-,@denis_maestrox поставил раком @Genakus и вправе требовать от него подарок!,2024-12-16 13:23:06+00:00
VladislavZili,hatiko1945,-,@VladislavZili поставил раком @hatiko1945 и вправе требовать от него подарок!,2024-12-16 13:22:50+00:00
-,-,VladislavZili и hatiko1945,@VladislavZili и @hatiko1945 убили друг друга и находятся в паритете!,2024-12-16 13:22:46+00:00
-,-,VladislavZili и hatiko1945,@VladislavZili и @hatiko1945 убили друг друга и находятся в паритете!,2024-12-16 13:22:42+00:00
hatiko1945,VladislavZili,-,@hatiko1945 пристрелил @VladislavZili и заслужил от него гифт!,2024-12-16 13:22:04+00:00
-,-,hatiko1945 и denis_maestrox,@hatiko1945 и @denis_maestrox убили друг друга и находятся в паритете!,2024-12-16 13:21:58+00:00
VladislavZili,hatiko1945,-,@VladislavZili поставил раком @hatiko1945 и вправе требовать от него подарок!,2024-12-16 13:21:04+00:00
-,-,VladislavZili и hatiko1945,@VladislavZili и @hatiko1945 убили друг друга и находятся в паритете!,2024-12-16 13:20:58+00:00
VladislavZili,hatiko1945,-,@VladislavZili поставил раком @hatiko1945 и вправе требовать от него подарок!,2024-12-16 13:20:49+00:00
Genakus,hatiko1945,-,@Genakus поставил раком @hatiko1945 и вправе требовать от него подарок!,2024-12-16 13:20:16+00:00
Genakus,denis_maestrox,-,@Genakus пристрелил @denis_maestrox и заслужил от него гифт!,2024-12-16 13:19:46+00:00
hatiko1945,Genakus,-,@hatiko1945 пристрелил @Genakus и заслужил от него гифт!,2024-12-16 13:19:39+00:00
hatiko1945,VladislavZili,-,@hatiko1945 пристрелил @VladislavZili и заслужил от него гифт!,2024-12-16 13:17:03+00:00
Genakus,denis_maestrox,-,@Genakus пристрелил @denis_maestrox и заслужил от него гифт!,2024-12-16 13:16:03+00:00
VladislavZili,hatiko1945,-,@VladislavZili поставил раком @hatiko1945 и вправе требовать от него подарок!,2024-12-16 13:14:24+00:00
-,-,Genakus и hatiko1945,@Genakus и @hatiko1945 убили друг друга и находятся в паритете!,2024-12-16 13:14:14+00:00
qlknd,hatiko1945,-,@qlknd поставил раком @hatiko1945 и вправе требовать от него подарок!,2024-12-16 13:13:14+00:00
hatiko1945,qlknd,-,@hatiko1945 пристрелил @qlknd и заслужил от него гифт!,2024-12-16 13:12:55+00:00
-,-,Genakus и Genakus,@Genakus и @Genakus убили друг друга и находятся в паритете!,2024-12-16 13:10:36+00:00
hatiko1945,denis_maestrox,-,@hatiko1945 пристрелил @denis_maestrox и заслужил от него гифт!,2024-12-16 12:53:13+00:00
sssssaaaaanya,VladislavZili,-,@sssssaaaaanya пристрелил @VladislavZili и заслужил от него гифт!,2024-12-16 12:18:19+00:00
sssssaaaaanya,Genakus,-,@sssssaaaaanya пристрелил @Genakus и заслужил от него гифт!,2024-12-16 12:06:36+00:00
VladislavZili,denis_maestrox,-,@VladislavZili поставил раком @denis_maestrox и вправе требовать от него подарок!,2024-12-16 12:06:30+00:00
-,-,Genakus и sssssaaaaanya,@Genakus и @sssssaaaaanya убили друг друга и находятся в паритете!,2024-12-16 12:06:15+00:00
-,-,VladislavZili и denis_maestrox,@VladislavZili и @denis_maestrox убили друг друга и находятся в паритете!,2024-12-16 12:05:49+00:00
-,-,VladislavZili и denis_maestrox,@VladislavZili и @denis_maestrox убили друг друга и находятся в паритете!,2024-12-16 12:05:44+00:00
-,-,VladislavZili и denis_maestrox,@VladislavZili и @denis_maestrox убили друг друга и находятся в паритете!,2024-12-16 12:05:39+00:00
-,-,VladislavZili и denis_maestrox,@VladislavZili и @denis_maestrox убили друг друга и находятся в паритете!,2024-12-16 12:05:33+00:00
VladislavZili,denis_maestrox,-,@VladislavZili поставил раком @denis_maestrox и вправе требовать от него подарок!,2024-12-16 12:04:15+00:00
-,-,VladislavZili и denis_maestrox,@VladislavZili и @denis_maestrox убили друг друга и находятся в паритете!,2024-12-16 12:04:10+00:00
-,-,VladislavZili и denis_maestrox,@VladislavZili и @denis_maestrox убили друг друга и находятся в паритете!,2024-12-16 12:04:04+00:00
denis_maestrox,VladislavZili,-,@denis_maestrox пристрелил @VladislavZili и заслужил от него гифт!,2024-12-16 12:03:40+00:00
-,-,VladislavZili и denis_maestrox,@VladislavZili и @denis_maestrox убили друг друга и находятся в паритете!,2024-12-16 12:03:36+00:00
denis_maestrox,VladislavZili,-,@denis_maestrox пристрелил @VladislavZili и заслужил от него гифт!,2024-12-16 12:03:28+00:00
denis_maestrox,VladislavZili,-,@denis_maestrox пристрелил @VladislavZili и заслужил от него гифт!,2024-12-16 12:03:20+00:00
VladislavZili,denis_maestrox,-,@VladislavZili поставил раком @denis_maestrox и вправе требовать от него подарок!,2024-12-16 12:03:01+00:00
-,-,sssssaaaaanya и sssssaaaaanya,@sssssaaaaanya и @sssssaaaaanya убили друг друга и находятся в паритете!,2024-12-16 11:33:34+00:00
-,-,VladislavZili и denis_maestrox,@VladislavZili и @denis_maestrox убили друг друга и находятся в паритете!,2024-12-16 10:55:17+00:00
VladislavZili,sssssaaaaanya,-,@VladislavZili поставил раком @sssssaaaaanya и вправе требовать от него подарок!,2024-12-16 10:53:39+00:00
sssssaaaaanya,VladislavZili,-,@sssssaaaaanya пристрелил @VladislavZili и заслужил от него гифт!,2024-12-16 10:50:41+00:00
sssssaaaaanya,denis_maestrox,-,@sssssaaaaanya пристрелил @denis_maestrox и заслужил от него гифт!,2024-12-16 09:56:18+00:00
Genakus,sssssaaaaanya,-,@Genakus поставил раком @sssssaaaaanya и вправе требовать от него подарок!,2024-12-16 09:56:06+00:00
-,-,denis_maestrox и sssssaaaaanya,@denis_maestrox и @sssssaaaaanya убили друг друга и находятся в паритете!,2024-12-16 09:54:27+00:00
sssssaaaaanya,Genakus,-,@sssssaaaaanya пристрелил @Genakus и заслужил от него гифт!,2024-12-16 09:50:50+00:00
sssssaaaaanya,Genakus,-,@sssssaaaaanya пристрелил @Genakus и заслужил от него гифт!,2024-12-16 09:50:06+00:00
-,-,denis_maestrox и sssssaaaaanya,@denis_maestrox и @sssssaaaaanya убили друг друга и находятся в паритете!,2024-12-16 09:49:00+00:00
Genakus,Genakus,-,5493754857 пристрелил @Genakus и заслужил от него гифт!,2024-12-16 09:42:55+00:00
-,-,VladislavZili и Genakus,@VladislavZili и @Genakus убили друг друга и находятся в паритете!,2024-12-16 09:40:36+00:00
sssssaaaaanya,Genakus,-,@sssssaaaaanya пристрелил @Genakus и заслужил от него гифт!,2024-12-16 09:40:08+00:00
sssssaaaaanya,VladislavZili,-,@sssssaaaaanya пристрелил @VladislavZili и заслужил от него гифт!,2024-12-16 09:37:32+00:00
VladislavZili,sssssaaaaanya,-,@VladislavZili поставил раком @sssssaaaaanya и вправе требовать от него подарок!,2024-12-16 09:36:02+00:00
VladislavZili,sssssaaaaanya,-,@VladislavZili поставил раком @sssssaaaaanya и вправе требовать от него подарок!,2024-12-16 09:35:32+00:00
-,-,VladislavZili и sssssaaaaanya,@VladislavZili и @sssssaaaaanya убили друг друга и находятся в паритете!,2024-12-16 09:27:44+00:00
sssssaaaaanya,sssssaaaaanya,-,@sssssaaaaanya пристрелил @sssssaaaaanya и заслужил от него гифт!,2024-12-16 07:14:52+00:00
-,-,sssssaaaaanya и television4ider,@sssssaaaaanya и @television4ider убили друг друга и находятся в паритете!,2024-12-16 07:14:52+00:00
VladislavZili,television4ider,-,@VladislavZili поставил раком @television4ider и вправе требовать от него подарок!,2024-12-16 07:14:41+00:00
VladislavZili,television4ider,-,@VladislavZili поставил раком @television4ider и вправе требовать от него подарок!,2024-12-16 07:14:34+00:00
-,-,sssssaaaaanya и sssssaaaaanya,@sssssaaaaanya и @sssssaaaaanya убили друг друга и находятся в паритете!,2024-12-16 07:14:13+00:00
VladislavZili,television4ider,-,@VladislavZili поставил раком @television4ider и вправе требовать от него подарок!,2024-12-16 07:11:57+00:00
-,-,VladislavZili и television4ider,@VladislavZili и @television4ider убили друг друга и находятся в паритете!,2024-12-16 07:11:53+00:00
-,-,VladislavZili и television4ider,@VladislavZili и @television4ider убили друг друга и находятся в паритете!,2024-12-16 07:11:49+00:00
VladislavZili,television4ider,-,@VladislavZili поставил раком @television4ider и вправе требовать от него подарок!,2024-12-16 07:11:44+00:00
-,-,VladislavZili и television4ider,@VladislavZili и @television4ider убили друг друга и находятся в паритете!,2024-12-16 07:11:40+00:00
VladislavZili,television4ider,-,@VladislavZili поставил раком @television4ider и вправе требовать от него подарок!,2024-12-16 07:10:55+00:00
television4ider,VladislavZili,-,@television4ider пристрелил @VladislavZili и заслужил от него гифт!,2024-12-16 07:10:54+00:00
sssssaaaaanya,VladislavZili,-,@sssssaaaaanya пристрелил @VladislavZili и заслужил от него гифт!,2024-12-15 18:26:18+00:00
-,-,VladislavZili и sssssaaaaanya,@VladislavZili и @sssssaaaaanya убили друг друга и находятся в паритете!,2024-12-15 18:26:08+00:00
sssssaaaaanya,VladislavZili,-,@sssssaaaaanya пристрелил @VladislavZili и заслужил от него гифт!,2024-12-15 18:25:56+00:00
VladislavZili,sssssaaaaanya,-,@VladislavZili поставил раком @sssssaaaaanya и вправе требовать от него подарок!,2024-12-15 18:25:52+00:00
VladislavZili,sssssaaaaanya,-,@VladislavZili поставил раком @sssssaaaaanya и вправе требовать от него подарок!,2024-12-15 18:25:41+00:00
VladislavZili,sssssaaaaanya,-,@VladislavZili поставил раком @sssssaaaaanya и вправе требовать от него подарок!,2024-12-15 18:25:26+00:00
-,-,television4ider и sssssaaaaanya,@television4ider и @sssssaaaaanya убили друг друга и находятся в паритете!,2024-12-15 18:25:20+00:00
sssssaaaaanya,ivystropov,-,@sssssaaaaanya пристрелил @ivystropov и заслужил от него гифт!,2024-12-15 18:23:06+00:00
-,-,ivystropov и VladislavZili,@ivystropov и @VladislavZili убили друг друга и находятся в паритете!,2024-12-15 18:22:31+00:00
sssssaaaaanya,denis_maestrox,-,@sssssaaaaanya пристрелил @denis_maestrox и заслужил от него гифт!,2024-12-15 18:18:21+00:00
television4ider,VladislavZili,-,@television4ider пристрелил @VladislavZili и заслужил от него гифт!,2024-12-15 18:18:08+00:00
television4ider,VladislavZili,-,@television4ider пристрелил @VladislavZili и заслужил от него гифт!,2024-12-15 18:17:14+00:00
television4ider,VladislavZili,-,@television4ider пристрелил @VladislavZili и заслужил от него гифт!,2024-12-15 18:17:10+00:00
VladislavZili,television4ider,-,@VladislavZili поставил раком @television4ider и вправе требовать от него подарок!,2024-12-15 18:17:06+00:00
-,-,VladislavZili и television4ider,@VladislavZili и @television4ider убили друг друга и находятся в паритете!,2024-12-15 18:17:00+00:00
television4ider,VladislavZili,-,@television4ider пристрелил @VladislavZili и заслужил от него гифт!,2024-12-15 18:16:55+00:00
VladislavZili,television4ider,-,@VladislavZili поставил раком @television4ider и вправе требовать от него подарок!,2024-12-15 18:16:50+00:00
-,-,VladislavZili и television4ider,@VladislavZili и @television4ider убили друг друга и находятся в паритете!,2024-12-15 18:16:43+00:00
-,-,VladislavZili и television4ider,@VladislavZili и @television4ider убили друг друга и находятся в паритете!,2024-12-15 18:15:44+00:00
television4ider,VladislavZili,-,@television4ider пристрелил @VladislavZili и заслужил от него гифт!,2024-12-15 17:57:55+00:00
-,-,yorlseft227 и television4ider,@yorlseft227 и @television4ider убили друг друга и находятся в паритете!,2024-12-15 17:57:35+00:00
television4ider,VladislavZili,-,@television4ider пристрелил @VladislavZili и заслужил от него гифт!,2024-12-15 17:22:09+00:00
VladislavZili,television4ider,-,@VladislavZili поставил раком @television4ider и вправе требовать от него подарок!,2024-12-15 17:22:02+00:00
-,-,VladislavZili и Akameeeui,@VladislavZili и @Akameeeui убили друг друга и находятся в паритете!,2024-12-15 16:35:52+00:00
television4ider,VladislavZili,-,@television4ider пристрелил @VladislavZili и заслужил от него гифт!,2024-12-15 16:35:17+00:00
-,-,VladislavZili и television4ider,@VladislavZili и @television4ider убили друг друга и находятся в паритете!,2024-12-15 16:35:10+00:00
VladislavZili,television4ider,-,@VladislavZili поставил раком @television4ider и вправе требовать от него подарок!,2024-12-15 16:34:48+00:00
denis_maestrox,VladislavZili,-,@denis_maestrox пристрелил @VladislavZili и заслужил от него гифт!,2024-12-15 16:34:37+00:00
denis_maestrox,ivystropov,-,@denis_maestrox пристрелил @ivystropov и заслужил от него гифт!,2024-12-15 16:33:39+00:00
television4ider,denis_maestrox,-,@television4ider пристрелил @denis_maestrox и заслужил от него гифт!,2024-12-15 16:32:57+00:00
television4ider,Akameeeui,-,@television4ider поставил раком @Akameeeui и вправе требовать от него подарок!,2024-12-15 16:24:32+00:00
-,-,television4ider и Akameeeui,@television4ider и @Akameeeui убили друг друга и находятся в паритете!,2024-12-15 16:24:14+00:00
-,-,VladislavZili и television4ider,@VladislavZili и @television4ider убили друг друга и находятся в паритете!,2024-12-15 16:24:09+00:00
-,-,Akameeeui и television4ider,@Akameeeui и @television4ider убили друг друга и находятся в паритете!,2024-12-15 16:24:04+00:00
-,-,VladislavZili и television4ider,@VladislavZili и @television4ider убили друг друга и находятся в паритете!,2024-12-15 16:23:56+00:00
sssssaaaaanya,denis_maestrox,-,@sssssaaaaanya поставил раком @denis_maestrox и вправе требовать от него подарок!,2024-12-15 16:18:23+00:00
Akameeeui,sssssaaaaanya,-,@Akameeeui пристрелил @sssssaaaaanya и заслужил от него гифт!,2024-12-15 16:15:35+00:00
sssssaaaaanya,Akameeeui,-,@sssssaaaaanya поставил раком @Akameeeui и вправе требовать от него подарок!,2024-12-15 16:15:10+00:00
-,-,sssssaaaaanya и Akameeeui,@sssssaaaaanya и @Akameeeui убили друг друга и находятся в паритете!,2024-12-15 16:14:55+00:00
Akameeeui,sssssaaaaanya,-,@Akameeeui пристрелил @sssssaaaaanya и заслужил от него гифт!,2024-12-15 16:14:22+00:00
-,-,eto312 и Akameeeui,@eto312 и @Akameeeui убили друг друга и находятся в паритете!,2024-12-15 16:14:07+00:00
television4ider,VladislavZili,-,@television4ider пристрелил @VladislavZili и заслужил от него гифт!,2024-12-15 16:13:57+00:00
-,-,VladislavZili и Akameeeui,@VladislavZili и @Akameeeui убили друг друга и находятся в паритете!,2024-12-15 16:10:49+00:00
VladislavZili,television4ider,-,@VladislavZili поставил раком @television4ider и вправе требовать от него подарок!,2024-12-15 15:05:52+00:00
-,-,Akameeeui и television4ider,@Akameeeui и @television4ider убили друг друга и находятся в паритете!,2024-12-15 15:05:14+00:00
Re1axYolo,television4ider,-,@Re1axYolo поставил раком @television4ider и вправе требовать от него подарок!,2024-12-15 14:56:14+00:00
VladislavZili,television4ider,-,@VladislavZili поставил раком @television4ider и вправе требовать от него подарок!,2024-12-15 14:55:49+00:00
-,-,Re1axYolo и television4ider,@Re1axYolo и @television4ider убили друг друга и находятся в паритете!,2024-12-15 14:55:39+00:00
-,-,Re1axYolo и television4ider,@Re1axYolo и @television4ider убили друг друга и находятся в паритете!,2024-12-15 14:55:34+00:00
-,-,Re1axYolo и television4ider,@Re1axYolo и @television4ider убили друг друга и находятся в паритете!,2024-12-15 14:55:25+00:00
VladislavZili,television4ider,-,@VladislavZili поставил раком @television4ider и вправе требовать от него подарок!,2024-12-15 14:52:52+00:00
-,-,Re1axYolo и television4ider,@Re1axYolo и @television4ider убили друг друга и находятся в паритете!,2024-12-15 14:52:39+00:00
denis_maestrox,Da18334,-,@denis_maestrox пристрелил @Da18334 и заслужил от него гифт!,2024-12-15 14:51:15+00:00
television4ider,denis_maestrox,-,@television4ider пристрелил @denis_maestrox и заслужил от него гифт!,2024-12-15 14:50:17+00:00
television4ider,sssssaaaaanya,-,@television4ider пристрелил @sssssaaaaanya и заслужил от него гифт!,2024-12-15 14:40:47+00:00
television4ider,Da18334,-,@television4ider пристрелил @Da18334 и заслужил от него гифт!,2024-12-15 14:40:30+00:00
sssssaaaaanya,television4ider,-,@sssssaaaaanya поставил раком @television4ider и вправе требовать от него подарок!,2024-12-15 14:40:03+00:00
leshiyronin,sssssaaaaanya,-,@leshiyronin поставил раком @sssssaaaaanya и вправе требовать от него подарок!,2024-12-15 12:44:25+00:00
television4ider,VladislavZili,-,@television4ider пристрелил @VladislavZili и заслужил от него гифт!,2024-12-15 11:55:03+00:00
television4ider,None,-,@television4ider пристрелил @None и заслужил от него гифт!,2024-12-15 10:03:22+00:00
None,television4ider,-,@None поставил раком @television4ider и вправе требовать от него подарок!,2024-12-15 10:03:00+00:00
television4ider,None,-,@television4ider пристрелил @None и заслужил от него гифт!,2024-12-15 10:02:08+00:00
None,television4ider,-,@None поставил раком @television4ider и вправе требовать от него подарок!,2024-12-15 10:01:38+00:00
None,television4ider,-,@None поставил раком @television4ider и вправе требовать от него подарок!,2024-12-15 09:53:55+00:00
television4ider,None,-,@television4ider пристрелил @None и заслужил от него гифт!,2024-12-15 09:50:57+00:00
-,-,Da18334 и television4ider,@Da18334 и @television4ider убили друг друга и находятся в паритете!,2024-12-15 09:46:27+00:00
television4ider,sssssaaaaanya,-,@television4ider пристрелил @sssssaaaaanya и заслужил от него гифт!,2024-12-15 01:25:17+00:00
sssssaaaaanya,television4ider,-,@sssssaaaaanya поставил раком @television4ider и вправе требовать от него подарок!,2024-12-15 01:24:52+00:00
television4ider,denis_maestrox,-,@television4ider пристрелил @denis_maestrox и заслужил от него гифт!,2024-12-15 01:15:13+00:00
denis_maestrox,television4ider,-,@denis_maestrox поставил раком @television4ider и вправе требовать от него подарок!,2024-12-15 01:15:04+00:00
television4ider,denis_maestrox,-,@television4ider пристрелил @denis_maestrox и заслужил от него гифт!,2024-12-15 01:14:59+00:00
-,-,denis_maestrox и television4ider,@denis_maestrox и @television4ider убили друг друга и находятся в паритете!,2024-12-15 01:14:54+00:00
denis_maestrox,television4ider,-,@denis_maestrox поставил раком @television4ider и вправе требовать от него подарок!,2024-12-15 01:14:44+00:00
denis_maestrox,television4ider,-,@denis_maestrox поставил раком @television4ider и вправе требовать от него подарок!,2024-12-15 01:14:23+00:00
-,-,denis_maestrox и television4ider,@denis_maestrox и @television4ider убили друг друга и находятся в паритете!,2024-12-15 01:14:07+00:00
denis_maestrox,television4ider,-,@denis_maestrox поставил раком @television4ider и вправе требовать от него подарок!,2024-12-15 01:14:02+00:00
-,-,denis_maestrox и television4ider,@denis_maestrox и @television4ider убили друг друга и находятся в паритете!,2024-12-15 01:13:54+00:00
sssssaaaaanya,sssssaaaaanya,-,@sssssaaaaanya поставил раком @sssssaaaaanya и вправе требовать от него подарок!,2024-12-15 01:13:25+00:00
denis_maestrox,television4ider,-,@denis_maestrox поставил раком @television4ider и вправе требовать от него подарок!,2024-12-15 01:10:33+00:00
television4ider,sssssaaaaanya,-,@television4ider пристрелил @sssssaaaaanya и заслужил от него гифт!,2024-12-15 01:09:43+00:00
television4ider,sssssaaaaanya,-,@television4ider пристрелил @sssssaaaaanya и заслужил от него гифт!,2024-12-15 01:09:31+00:00
-,-,sssssaaaaanya и television4ider,@sssssaaaaanya и @television4ider убили друг друга и находятся в паритете!,2024-12-15 01:09:13+00:00
-,-,sssssaaaaanya и television4ider,@sssssaaaaanya и @television4ider убили друг друга и находятся в паритете!,2024-12-15 01:08:58+00:00
sssssaaaaanya,television4ider,-,@sssssaaaaanya поставил раком @television4ider и вправе требовать от него подарок!,2024-12-15 01:08:32+00:00
sssssaaaaanya,television4ider,-,@sssssaaaaanya пристрелил @television4ider и заслужил от него гифт!,2024-12-15 01:08:26+00:00
-,-,sssssaaaaanya и television4ider,@sssssaaaaanya и @television4ider убили друг друга и находятся в паритете!,2024-12-15 01:07:57+00:00
sssssaaaaanya,television4ider,-,@sssssaaaaanya пристрелил @television4ider и заслужил от него гифт!,2024-12-15 01:07:47+00:00
-,-,television4ider и sssssaaaaanya,@television4ider и @sssssaaaaanya убили друг друга и находятся в паритете!,2024-12-15 01:07:40+00:00
-,-,television4ider и sssssaaaaanya,@television4ider и @sssssaaaaanya убили друг друга и находятся в паритете!,2024-12-15 01:07:33+00:00
-,-,television4ider и sssssaaaaanya,@television4ider и @sssssaaaaanya убили друг друга и находятся в паритете!,2024-12-15 01:07:30+00:00
-,-,television4ider и sssssaaaaanya,@television4ider и @sssssaaaaanya убили друг друга и находятся в паритете!,2024-12-15 01:07:28+00:00
-,-,television4ider и sssssaaaaanya,@television4ider и @sssssaaaaanya убили друг друга и находятся в паритете!,2024-12-15 01:07:24+00:00
sssssaaaaanya,television4ider,-,@sssssaaaaanya пристрелил @television4ider и заслужил от него гифт!,2024-12-15 01:07:21+00:00
-,-,television4ider и sssssaaaaanya,@television4ider и @sssssaaaaanya убили друг друга и находятся в паритете!,2024-12-15 01:07:17+00:00
television4ider,sssssaaaaanya,-,@television4ider поставил раком @sssssaaaaanya и вправе требовать от него подарок!,2024-12-15 01:07:10+00:00
sssssaaaaanya,television4ider,-,@sssssaaaaanya пристрелил @television4ider и заслужил от него гифт!,2024-12-15 01:06:56+00:00
television4ider,sssssaaaaanya,-,@television4ider пристрелил @sssssaaaaanya и заслужил от него гифт!,2024-12-15 01:06:41+00:00
-,-,VladislavZili и denis_maestrox,@VladislavZili и @denis_maestrox убили друг друга и находятся в паритете!,2024-12-14 22:18:12+00:00
-,-,Da18334 и denis_maestrox,@Da18334 и @denis_maestrox убили друг друга и находятся в паритете!,2024-12-14 21:35:32+00:00
VladislavZili,denis_maestrox,-,@VladislavZili поставил раком @denis_maestrox и вправе требовать от него подарок!,2024-12-14 21:35:10+00:00
sssssaaaaanya,denis_maestrox,-,@sssssaaaaanya поставил раком @denis_maestrox и вправе требовать от него подарок!,2024-12-14 21:35:02+00:00
sssssaaaaanya,denis_maestrox,-,@sssssaaaaanya поставил раком @denis_maestrox и вправе требовать от него подарок!,2024-12-14 21:34:49+00:00
sssssaaaaanya,sssssaaaaanya,-,@sssssaaaaanya пристрелил @sssssaaaaanya и заслужил от него гифт!,2024-12-14 19:25:45+00:00
sssssaaaaanya,sssssaaaaanya,-,@sssssaaaaanya пристрелил @sssssaaaaanya и заслужил от него гифт!,2024-12-14 18:32:20+00:00
ivystropov,sssssaaaaanya,-,@ivystropov поставил раком @sssssaaaaanya и вправе требовать от него подарок!,2024-12-14 18:30:19+00:00
sssssaaaaanya,ivystropov,-,@sssssaaaaanya пристрелил @ivystropov и заслужил от него гифт!,2024-12-14 18:28:24+00:00
Da18334,mrroomerz,-,@Da18334 поставил раком @mrroomerz и вправе требовать от него подарок!,2024-12-14 18:26:47+00:00
-,-,sssssaaaaanya и mrroomerz,@sssssaaaaanya и @mrroomerz убили друг друга и находятся в паритете!,2024-12-14 18:21:23+00:00
sssssaaaaanya,mrroomerz,-,@sssssaaaaanya поставил раком @mrroomerz и вправе требовать от него подарок!,2024-12-14 16:51:20+00:00
television4ider,mrroomerz,-,@television4ider поставил раком @mrroomerz и вправе требовать от него подарок!,2024-12-14 16:49:40+00:00
television4ider,mrroomerz,-,@television4ider поставил раком @mrroomerz и вправе требовать от него подарок!,2024-12-14 16:49:20+00:00
mrroomerz,television4ider,-,@mrroomerz пристрелил @television4ider и заслужил от него гифт!,2024-12-14 16:48:49+00:00
mrroomerz,television4ider,-,@mrroomerz пристрелил @television4ider и заслужил от него гифт!,2024-12-14 16:47:49+00:00
mrroomerz,denis_maestrox,-,@mrroomerz пристрелил @denis_maestrox и заслужил от него гифт!,2024-12-14 16:22:06+00:00
ivystropov,sssssaaaaanya,-,@ivystropov поставил раком @sssssaaaaanya и вправе требовать от него подарок!,2024-12-14 15:39:23+00:00
eto312,sssssaaaaanya,-,@eto312 поставил раком @sssssaaaaanya и вправе требовать от него подарок!,2024-12-14 15:39:18+00:00
-,-,eto312 и sssssaaaaanya,@eto312 и @sssssaaaaanya убили друг друга и находятся в паритете!,2024-12-14 15:38:58+00:00
mrroomerz,VladislavZili,-,@mrroomerz пристрелил @VladislavZili и заслужил от него гифт!,2024-12-14 15:34:02+00:00
eto312,sssssaaaaanya,-,@eto312 поставил раком @sssssaaaaanya и вправе требовать от него подарок!,2024-12-14 15:24:45+00:00
mrroomerz,VladislavZili,-,@mrroomerz пристрелил @VladislavZili и заслужил от него гифт!,2024-12-14 15:24:29+00:00
-,-,mrroomerz и mrroomerz,@mrroomerz и @mrroomerz убили друг друга и находятся в паритете!,2024-12-14 15:23:47+00:00
-,-,television4ider и mrroomerz,@television4ider и @mrroomerz убили друг друга и находятся в паритете!,2024-12-14 15:23:15+00:00
denis_maestrox,None,-,@denis_maestrox поставил раком @None и вправе требовать от него подарок!,2024-12-14 14:51:58+00:00
None,None,-,@None поставил раком @None и вправе требовать от него подарок!,2024-12-14 14:35:00+00:00
-,-,None и None,@None и @None убили друг друга и находятся в паритете!,2024-12-14 14:31:01+00:00
None,None,-,@None пристрелил @None и заслужил от него гифт!,2024-12-14 14:30:29+00:00
-,-,None и None,@None и @None убили друг друга и находятся в паритете!,2024-12-14 14:30:03+00:00
television4ider,sssssaaaaanya,-,@television4ider поставил раком @sssssaaaaanya и вправе требовать от него подарок!,2024-12-14 14:13:23+00:00
television4ider,sssssaaaaanya,-,@television4ider поставил раком @sssssaaaaanya и вправе требовать от него подарок!,2024-12-14 14:11:35+00:00
television4ider,VladislavZili,-,@television4ider пристрелил @VladislavZili и заслужил от него гифт!,2024-12-14 14:10:12+00:00
sssssaaaaanya,mrroomerz,-,@sssssaaaaanya поставил раком @mrroomerz и вправе требовать от него подарок!,2024-12-14 14:04:13+00:00
television4ider,mrroomerz,-,@television4ider поставил раком @mrroomerz и вправе требовать от него подарок!,2024-12-14 13:31:38+00:00
mrroomerz,Da18334,-,@mrroomerz пристрелил @Da18334 и заслужил от него гифт!,2024-12-14 13:29:56+00:00
mrroomerz,Da18334,-,@mrroomerz пристрелил @Da18334 и заслужил от него гифт!,2024-12-14 13:29:15+00:00
television4ider,mrroomerz,-,@television4ider поставил раком @mrroomerz и вправе требовать от него подарок!,2024-12-14 13:28:59+00:00
television4ider,mrroomerz,-,@television4ider поставил раком @mrroomerz и вправе требовать от него подарок!,2024-12-14 13:28:31+00:00
-,-,Da18334 и mrroomerz,@Da18334 и @mrroomerz убили друг друга и находятся в паритете!,2024-12-14 13:28:10+00:00
television4ider,mrroomerz,-,@television4ider пристрелил @mrroomerz и заслужил от него гифт!,2024-12-14 13:23:58+00:00
mrroomerz,television4ider,-,@mrroomerz пристрелил @television4ider и заслужил от него гифт!,2024-12-14 13:23:52+00:00
television4ider,mrroomerz,-,@television4ider поставил раком @mrroomerz и вправе требовать от него подарок!,2024-12-14 13:23:45+00:00
mrroomerz,television4ider,-,@mrroomerz пристрелил @television4ider и заслужил от него гифт!,2024-12-14 13:23:39+00:00
television4ider,mrroomerz,-,@television4ider поставил раком @mrroomerz и вправе требовать от него подарок!,2024-12-14 13:23:31+00:00
mrroomerz,television4ider,-,@mrroomerz пристрелил @television4ider и заслужил от него гифт!,2024-12-14 13:23:19+00:00
television4ider,mrroomerz,-,@television4ider пристрелил @mrroomerz и заслужил от него гифт!,2024-12-14 13:22:16+00:00
-,-,mrroomerz и television4ider,@mrroomerz и @television4ider убили друг друга и находятся в паритете!,2024-12-14 13:17:36+00:00
mrroomerz,sssssaaaaanya,-,@mrroomerz поставил раком @sssssaaaaanya и вправе требовать от него подарок!,2024-12-14 13:16:46+00:00
sssssaaaaanya,television4ider,-,@sssssaaaaanya пристрелил @television4ider и заслужил от него гифт!,2024-12-14 13:16:44+00:00
television4ider,sssssaaaaanya,-,@television4ider поставил раком @sssssaaaaanya и вправе требовать от него подарок!,2024-12-14 13:16:43+00:00
sssssaaaaanya,television4ider,-,@sssssaaaaanya пристрелил @television4ider и заслужил от него гифт!,2024-12-14 13:16:41+00:00
None,sssssaaaaanya,-,@None поставил раком @sssssaaaaanya и вправе требовать от него подарок!,2024-12-14 12:42:31+00:00
None,None,-,@None поставил раком @None и вправе требовать от него подарок!,2024-12-14 12:39:03+00:00
None,sssssaaaaanya,-,@None поставил раком @sssssaaaaanya и вправе требовать от него подарок!,2024-12-14 12:38:30+00:00
sssssaaaaanya,television4ider,-,@sssssaaaaanya поставил раком @television4ider и вправе требовать от него подарок!,2024-12-14 12:16:37+00:00
sssssaaaaanya,ivystropov,-,@sssssaaaaanya пристрелил @ivystropov и заслужил от него гифт!,2024-12-14 12:03:06+00:00
-,-,television4ider и ivystropov,@television4ider и @ivystropov убили друг друга и находятся в паритете!,2024-12-14 11:58:06+00:00
television4ider,sssssaaaaanya,-,@television4ider поставил раком @sssssaaaaanya и вправе требовать от него подарок!,2024-12-14 11:56:09+00:00
-,-,television4ider и sssssaaaaanya,@television4ider и @sssssaaaaanya убили друг друга и находятся в паритете!,2024-12-14 11:45:29+00:00
-,-,mrroomerz и sssssaaaaanya,@mrroomerz и @sssssaaaaanya убили друг друга и находятся в паритете!,2024-12-14 11:45:24+00:00
-,-,mrroomerz и sssssaaaaanya,@mrroomerz и @sssssaaaaanya убили друг друга и находятся в паритете!,2024-12-14 11:45:16+00:00
mrroomerz,sssssaaaaanya,-,@mrroomerz поставил раком @sssssaaaaanya и вправе требовать от него подарок!,2024-12-14 11:45:00+00:00
-,-,arkash_a и sssssaaaaanya,@arkash_a и @sssssaaaaanya убили друг друга и находятся в паритете!,2024-12-14 11:37:34+00:00
television4ider,sssssaaaaanya,-,@television4ider пристрелил @sssssaaaaanya и заслужил от него гифт!,2024-12-14 11:37:19+00:00
denis_maestrox,sssssaaaaanya,-,@denis_maestrox поставил раком @sssssaaaaanya и вправе требовать от него подарок!,2024-12-13 21:35:39+00:00
sssssaaaaanya,sssssaaaaanya,-,@sssssaaaaanya пристрелил @sssssaaaaanya и заслужил от него гифт!,2024-12-13 19:26:24+00:00
-,-,mrroomerz и VladislavZili,@mrroomerz и @VladislavZili убили друг друга и находятся в паритете!,2024-12-13 19:24:57+00:00
-,-,mrroomerz и VladislavZili,@mrroomerz и @VladislavZili убили друг друга и находятся в паритете!,2024-12-13 19:24:12+00:00
sssssaaaaanya,VladislavZili,-,@sssssaaaaanya пристрелил @VladislavZili и заслужил от него гифт!,2024-12-13 19:11:29+00:00
-,-,VladislavZili и sssssaaaaanya,@VladislavZili и @sssssaaaaanya убили друг друга и находятся в паритете!,2024-12-13 19:11:24+00:00
-,-,VladislavZili и sssssaaaaanya,@VladislavZili и @sssssaaaaanya убили друг друга и находятся в паритете!,2024-12-13 19:07:06+00:00
television4ider,sssssaaaaanya,-,@television4ider пристрелил @sssssaaaaanya и заслужил от него гифт!,2024-12-13 14:00:44+00:00
sssssaaaaanya,sssssaaaaanya,-,@sssssaaaaanya поставил раком @sssssaaaaanya и вправе требовать от него подарок!,2024-12-13 09:30:01+00:00
-,-,VladislavZili и sssssaaaaanya,@VladislavZili и @sssssaaaaanya убили друг друга и находятся в паритете!,2024-12-13 09:29:35+00:00
sssssaaaaanya,hatiko1945,-,@sssssaaaaanya пристрелил @hatiko1945 и заслужил от него гифт!,2024-12-13 09:27:35+00:00
Da18334,sssssaaaaanya,-,@Da18334 поставил раком @sssssaaaaanya и вправе требовать от него подарок!,2024-12-13 09:27:25+00:00
denis_maestrox,sssssaaaaanya,-,@denis_maestrox поставил раком @sssssaaaaanya и вправе требовать от него подарок!,2024-12-13 09:27:21+00:00
-,-,denis_maestrox и sssssaaaaanya,@denis_maestrox и @sssssaaaaanya убили друг друга и находятся в паритете!,2024-12-13 09:27:04+00:00
sssssaaaaanya,denis_maestrox,-,@sssssaaaaanya пристрелил @denis_maestrox и заслужил от него гифт!,2024-12-13 09:26:58+00:00
television4ider,sssssaaaaanya,-,@television4ider поставил раком @sssssaaaaanya и вправе требовать от него подарок!,2024-12-13 09:26:49+00:00
sssssaaaaanya,denis_maestrox,-,@sssssaaaaanya поставил раком @denis_maestrox и вправе требовать от него подарок!,2024-12-13 09:19:15+00:00
sssssaaaaanya,denis_maestrox,-,@sssssaaaaanya поставил раком @denis_maestrox и вправе требовать от него подарок!,2024-12-13 09:19:10+00:00
sssssaaaaanya,denis_maestrox,-,@sssssaaaaanya поставил раком @denis_maestrox и вправе требовать от него подарок!,2024-12-13 09:19:04+00:00
sssssaaaaanya,denis_maestrox,-,@sssssaaaaanya поставил раком @denis_maestrox и вправе требовать от него подарок!,2024-12-13 09:18:57+00:00
sssssaaaaanya,denis_maestrox,-,@sssssaaaaanya поставил раком @denis_maestrox и вправе требовать от него подарок!,2024-12-13 09:18:53+00:00
sssssaaaaanya,denis_maestrox,-,@sssssaaaaanya поставил раком @denis_maestrox и вправе требовать от него подарок!,2024-12-13 09:18:49+00:00
sssssaaaaanya,denis_maestrox,-,@sssssaaaaanya поставил раком @denis_maestrox и вправе требовать от него подарок!,2024-12-13 09:18:44+00:00
hatiko1945,VladislavZili,-,@hatiko1945 пристрелил @VladislavZili и заслужил от него гифт!,2024-12-13 03:37:16+00:00
hatiko1945,VladislavZili,-,@hatiko1945 пристрелил @VladislavZili и заслужил от него гифт!,2024-12-13 03:36:31+00:00
denis_maestrox,VladislavZili,-,@denis_maestrox пристрелил @VladislavZili и заслужил от него гифт!,2024-12-13 03:36:08+00:00
television4ider,VladislavZili,-,@television4ider пристрелил @VladislavZili и заслужил от него гифт!,2024-12-13 03:36:07+00:00
denis_maestrox,VladislavZili,-,@denis_maestrox пристрелил @VladislavZili и заслужил от него гифт!,2024-12-13 03:35:54+00:00
denis_maestrox,VladislavZili,-,@denis_maestrox пристрелил @VladislavZili и заслужил от него гифт!,2024-12-13 03:35:35+00:00
Re1axYolo,VladislavZili,-,@Re1axYolo пристрелил @VladislavZili и заслужил от него гифт!,2024-12-12 23:34:56+00:00
Re1axYolo,VladislavZili,-,@Re1axYolo пристрелил @VladislavZili и заслужил от него гифт!,2024-12-12 23:34:37+00:00
denis_maestrox,VladislavZili,-,@denis_maestrox пристрелил @VladislavZili и заслужил от него гифт!,2024-12-12 23:33:47+00:00
denis_maestrox,VladislavZili,-,@denis_maestrox пристрелил @VladislavZili и заслужил от него гифт!,2024-12-12 23:33:33+00:00
denis_maestrox,VladislavZili,-,@denis_maestrox пристрелил @VladislavZili и заслужил от него гифт!,2024-12-12 23:05:48+00:00
denis_maestrox,VladislavZili,-,@denis_maestrox пристрелил @VladislavZili и заслужил от него гифт!,2024-12-12 23:05:03+00:00
denis_maestrox,VladislavZili,-,@denis_maestrox пристрелил @VladislavZili и заслужил от него гифт!,2024-12-12 23:04:39+00:00
-,-,denis_maestrox и hatiko1945,@denis_maestrox и @hatiko1945 убили друг друга и находятся в паритете!,2024-12-12 22:57:10+00:00
-,-,hatiko1945 и hatiko1945,@hatiko1945 и @hatiko1945 убили друг друга и находятся в паритете!,2024-12-12 22:57:06+00:00
-,-,hatiko1945 и denis_maestrox,@hatiko1945 и @denis_maestrox убили друг друга и находятся в паритете!,2024-12-12 22:56:19+00:00
-,-,VladislavZili и hatiko1945,@VladislavZili и @hatiko1945 убили друг друга и находятся в паритете!,2024-12-12 22:04:29+00:00
hatiko1945,VladislavZili,-,@hatiko1945 пристрелил @VladislavZili и заслужил от него гифт!,2024-12-12 22:00:26+00:00
-,-,VladislavZili и VladislavZili,@VladislavZili и @VladislavZili убили друг друга и находятся в паритете!,2024-12-12 21:07:27+00:00
-,-,VladislavZili и denis_maestrox,@VladislavZili и @denis_maestrox убили друг друга и находятся в паритете!,2024-12-12 21:06:32+00:00
eto312,eto312,-,@eto312 пристрелил @eto312 и заслужил от него гифт!,2024-12-12 20:56:39+00:00
-,-,mrroomerz и denis_maestrox,@mrroomerz и @denis_maestrox убили друг друга и находятся в паритете!,2024-12-12 20:56:26+00:00
VladislavZili,VladislavZili,-,@VladislavZili поставил раком @VladislavZili и вправе требовать от него подарок!,2024-12-12 20:45:33+00:00
VladislavZili,denis_maestrox,-,@VladislavZili поставил раком @denis_maestrox и вправе требовать от него подарок!,2024-12-12 20:44:59+00:00
ss_max,ss_max,-,@ss_max поставил раком @ss_max и вправе требовать от него подарок!,2024-12-12 18:04:12+00:00
sssssaaaaanya,sssssaaaaanya,-,@sssssaaaaanya поставил раком @sssssaaaaanya и вправе требовать от него подарок!,2024-12-12 17:54:45+00:00
denis_maestrox,ivystropov,-,@denis_maestrox пристрелил @ivystropov и заслужил от него гифт!,2024-12-12 17:26:22+00:00
sssssaaaaanya,denis_maestrox,-,@sssssaaaaanya пристрелил @denis_maestrox и заслужил от него гифт!,2024-12-12 17:25:57+00:00
-,-,VladislavZili и hatiko1945,@VladislavZili и @hatiko1945 убили друг друга и находятся в паритете!,2024-12-12 17:07:43+00:00
VladislavZili,hatiko1945,-,@VladislavZili поставил раком @hatiko1945 и вправе требовать от него подарок!,2024-12-12 17:06:12+00:00
-,-,hatiko1945 и VladislavZili,@hatiko1945 и @VladislavZili убили друг друга и находятся в паритете!,2024-12-12 17:05:41+00:00
hatiko1945,VladislavZili,-,@hatiko1945 пристрелил @VladislavZili и заслужил от него гифт!,2024-12-12 17:03:03+00:00
-,-,VladislavZili и hatiko1945,@VladislavZili и @hatiko1945 убили друг друга и находятся в паритете!,2024-12-12 17:02:32+00:00
hatiko1945,VladislavZili,-,@hatiko1945 пристрелил @VladislavZili и заслужил от него гифт!,2024-12-12 16:56:04+00:00
sssssaaaaanya,denis_maestrox,-,@sssssaaaaanya пристрелил @denis_maestrox и заслужил от него гифт!,2024-12-12 16:30:48+00:00
-,-,denis_maestrox и sssssaaaaanya,@denis_maestrox и @sssssaaaaanya убили друг друга и находятся в паритете!,2024-12-12 16:30:41+00:00
denis_maestrox,VladislavZili,-,@denis_maestrox пристрелил @VladislavZili и заслужил от него гифт!,2024-12-12 16:30:30+00:00
VladislavZili,denis_maestrox,-,@VladislavZili поставил раком @denis_maestrox и вправе требовать от него подарок!,2024-12-12 16:30:23+00:00
denis_maestrox,sssssaaaaanya,-,@denis_maestrox пристрелил @sssssaaaaanya и заслужил от него гифт!,2024-12-12 16:30:15+00:00
-,-,sssssaaaaanya и denis_maestrox,@sssssaaaaanya и @denis_maestrox убили друг друга и находятся в паритете!,2024-12-12 16:30:07+00:00
-,-,VladislavZili и hatiko1945,@VladislavZili и @hatiko1945 убили друг друга и находятся в паритете!,2024-12-12 16:23:56+00:00
sssssaaaaanya,sssssaaaaanya,-,@sssssaaaaanya пристрелил @sssssaaaaanya и заслужил от него гифт!,2024-12-12 16:20:16+00:00
-,-,denis_maestrox и hatiko1945,@denis_maestrox и @hatiko1945 убили друг друга и находятся в паритете!,2024-12-12 16:16:34+00:00
hatiko1945,hatiko1945,-,@hatiko1945 пристрелил @hatiko1945 и заслужил от него гифт!,2024-12-12 16:16:12+00:00
sssssaaaaanya,sssssaaaaanya,-,@sssssaaaaanya поставил раком @sssssaaaaanya и вправе требовать от него подарок!,2024-12-12 16:16:05+00:00
sssssaaaaanya,VladislavZili,-,@sssssaaaaanya пристрелил @VladislavZili и заслужил от него гифт!,2024-12-12 15:39:58+00:00
-,-,Da18334 и VladislavZili,@Da18334 и @VladislavZili убили друг друга и находятся в паритете!,2024-12-12 15:12:44+00:00
denis_maestrox,hatiko1945,-,@denis_maestrox поставил раком @hatiko1945 и вправе требовать от него подарок!,2024-12-12 15:07:22+00:00
-,-,denis_maestrox и hatiko1945,@denis_maestrox и @hatiko1945 убили друг друга и находятся в паритете!,2024-12-12 15:07:14+00:00
VladislavZili,hatiko1945,-,@VladislavZili поставил раком @hatiko1945 и вправе требовать от него подарок!,2024-12-12 15:06:59+00:00
denis_maestrox,hatiko1945,-,@denis_maestrox поставил раком @hatiko1945 и вправе требовать от него подарок!,2024-12-12 15:06:50+00:00
-,-,television4ider и leshiyronin,@television4ider и @leshiyronin убили друг друга и находятся в паритете!,2024-12-12 12:52:35+00:00
denis_maestrox,sssssaaaaanya,-,@denis_maestrox поставил раком @sssssaaaaanya и вправе требовать от него подарок!,2024-12-12 09:29:30+00:00
sssssaaaaanya,ivystropov,-,@sssssaaaaanya пристрелил @ivystropov и заслужил от него гифт!,2024-12-12 09:28:47+00:00
leshiyronin,denis_maestrox,-,@leshiyronin поставил раком @denis_maestrox и вправе требовать от него подарок!,2024-12-12 09:18:50+00:00
Da18334,denis_maestrox,-,@Da18334 поставил раком @denis_maestrox и вправе требовать от него подарок!,2024-12-12 09:15:10+00:00
sssssaaaaanya,sssssaaaaanya,-,@sssssaaaaanya поставил раком @sssssaaaaanya и вправе требовать от него подарок!,2024-12-12 02:12:45+00:00
-,-,sssssaaaaanya и sssssaaaaanya,@sssssaaaaanya и @sssssaaaaanya убили друг друга и находятся в паритете!,2024-12-12 02:02:11+00:00
sssssaaaaanya,sssssaaaaanya,-,@sssssaaaaanya пристрелил @sssssaaaaanya и заслужил от него гифт!,2024-12-12 02:00:16+00:00
-,-,denis_maestrox и arkash_a,@denis_maestrox и @arkash_a убили друг друга и находятся в паритете!,2024-12-11 22:57:01+00:00
sssssaaaaanya,denis_maestrox,-,@sssssaaaaanya пристрелил @denis_maestrox и заслужил от него гифт!,2024-12-11 22:55:59+00:00
VladislavZili,Strapony2k,-,@VladislavZili поставил раком @Strapony2k и вправе требовать от него подарок!,2024-12-11 22:55:55+00:00
-,-,denis_maestrox и sssssaaaaanya,@denis_maestrox и @sssssaaaaanya убили друг друга и находятся в паритете!,2024-12-11 22:55:51+00:00
-,-,denis_maestrox и sssssaaaaanya,@denis_maestrox и @sssssaaaaanya убили друг друга и находятся в паритете!,2024-12-11 22:55:44+00:00
-,-,denis_maestrox и sssssaaaaanya,@denis_maestrox и @sssssaaaaanya убили друг друга и находятся в паритете!,2024-12-11 22:55:20+00:00
denis_maestrox,VladislavZili,-,@denis_maestrox пристрелил @VladislavZili и заслужил от него гифт!,2024-12-11 22:55:01+00:00
-,-,Strapony2k и Strapony2k,@Strapony2k и @Strapony2k убили друг друга и находятся в паритете!,2024-12-11 22:53:34+00:00
-,-,denis_maestrox и sssssaaaaanya,@denis_maestrox и @sssssaaaaanya убили друг друга и находятся в паритете!,2024-12-11 22:51:47+00:00
-,-,VladislavZili и denis_maestrox,@VladislavZili и @denis_maestrox убили друг друга и находятся в паритете!,2024-12-11 22:12:14+00:00
VladislavZili,denis_maestrox,-,@VladislavZili поставил раком @denis_maestrox и вправе требовать от него подарок!,2024-12-11 22:10:46+00:00
denis_maestrox,VladislavZili,-,@denis_maestrox пристрелил @VladislavZili и заслужил от него гифт!,2024-12-11 22:10:03+00:00
denis_maestrox,VladislavZili,-,@denis_maestrox пристрелил @VladislavZili и заслужил от него гифт!,2024-12-11 22:09:56+00:00
denis_maestrox,VladislavZili,-,@denis_maestrox пристрелил @VladislavZili и заслужил от него гифт!,2024-12-11 22:09:50+00:00
denis_maestrox,eto312,-,@denis_maestrox поставил раком @eto312 и вправе требовать от него подарок!,2024-12-11 22:08:06+00:00
VladislavZili,eto312,-,@VladislavZili поставил раком @eto312 и вправе требовать от него подарок!,2024-12-11 22:07:50+00:00
eto312,denis_maestrox,-,@eto312 пристрелил @denis_maestrox и заслужил от него гифт!,2024-12-11 22:07:34+00:00
VladislavZili,ss_max,-,@VladislavZili поставил раком @ss_max и вправе требовать от него подарок!,2024-12-11 22:07:08+00:00
-,-,VladislavZili и denis_maestrox,@VladislavZili и @denis_maestrox убили друг друга и находятся в паритете!,2024-12-11 22:07:07+00:00
-,-,Da18334 и denis_maestrox,@Da18334 и @denis_maestrox убили друг друга и находятся в паритете!,2024-12-11 22:06:09+00:00
VladislavZili,denis_maestrox,-,@VladislavZili поставил раком @denis_maestrox и вправе требовать от него подарок!,2024-12-11 22:06:02+00:00
denis_maestrox,VladislavZili,-,@denis_maestrox пристрелил @VladislavZili и заслужил от него гифт!,2024-12-11 22:05:50+00:00
sssssaaaaanya,denis_maestrox,-,@sssssaaaaanya поставил раком @denis_maestrox и вправе требовать от него подарок!,2024-12-11 22:04:36+00:00
denis_maestrox,VladislavZili,-,@denis_maestrox пристрелил @VladislavZili и заслужил от него гифт!,2024-12-11 22:04:29+00:00
denis_maestrox,eto312,-,@denis_maestrox поставил раком @eto312 и вправе требовать от него подарок!,2024-12-11 22:03:42+00:00
Da18334,denis_maestrox,-,@Da18334 поставил раком @denis_maestrox и вправе требовать от него подарок!,2024-12-11 22:03:34+00:00
denis_maestrox,eto312,-,@denis_maestrox поставил раком @eto312 и вправе требовать от него подарок!,2024-12-11 22:03:13+00:00
denis_maestrox,eto312,-,@denis_maestrox пристрелил @eto312 и заслужил от него гифт!,2024-12-11 22:02:40+00:00
eto312,denis_maestrox,-,@eto312 поставил раком @denis_maestrox и вправе требовать от него подарок!,2024-12-11 22:02:24+00:00
eto312,denis_maestrox,-,@eto312 поставил раком @denis_maestrox и вправе требовать от него подарок!,2024-12-11 22:02:15+00:00
denis_maestrox,eto312,-,@denis_maestrox пристрелил @eto312 и заслужил от него гифт!,2024-12-11 22:01:26+00:00
VladislavZili,denis_maestrox,-,@VladislavZili поставил раком @denis_maestrox и вправе требовать от него подарок!,2024-12-11 21:52:21+00:00
denis_maestrox,VladislavZili,-,@denis_maestrox пристрелил @VladislavZili и заслужил от него гифт!,2024-12-11 21:52:13+00:00
denis_maestrox,VladislavZili,-,@denis_maestrox пристрелил @VladislavZili и заслужил от него гифт!,2024-12-11 21:51:25+00:00
denis_maestrox,VladislavZili,-,@denis_maestrox пристрелил @VladislavZili и заслужил от него гифт!,2024-12-11 21:51:20+00:00
denis_maestrox,VladislavZili,-,@denis_maestrox пристрелил @VladislavZili и заслужил от него гифт!,2024-12-11 21:51:11+00:00
VladislavZili,denis_maestrox,-,@VladislavZili поставил раком @denis_maestrox и вправе требовать от него подарок!,2024-12-11 21:50:47+00:00
-,-,VladislavZili и denis_maestrox,@VladislavZili и @denis_maestrox убили друг друга и находятся в паритете!,2024-12-11 21:50:42+00:00
-,-,VladislavZili и denis_maestrox,@VladislavZili и @denis_maestrox убили друг друга и находятся в паритете!,2024-12-11 21:50:36+00:00
denis_maestrox,VladislavZili,-,@denis_maestrox пристрелил @VladislavZili и заслужил от него гифт!,2024-12-11 21:50:26+00:00
-,-,VladislavZili и denis_maestrox,@VladislavZili и @denis_maestrox убили друг друга и находятся в паритете!,2024-12-11 21:50:19+00:00
denis_maestrox,VladislavZili,-,@denis_maestrox пристрелил @VladislavZili и заслужил от него гифт!,2024-12-11 21:49:32+00:00
-,-,hatiko1945 и denis_maestrox,@hatiko1945 и @denis_maestrox убили друг друга и находятся в паритете!,2024-12-11 21:49:02+00:00
denis_maestrox,VladislavZili,-,@denis_maestrox пристрелил @VladislavZili и заслужил от него гифт!,2024-12-11 21:48:42+00:00
-,-,denis_maestrox и eto312,@denis_maestrox и @eto312 убили друг друга и находятся в паритете!,2024-12-11 21:43:49+00:00
denis_maestrox,eto312,-,@denis_maestrox поставил раком @eto312 и вправе требовать от него подарок!,2024-12-11 21:43:20+00:00
television4ider,eto312,-,@television4ider поставил раком @eto312 и вправе требовать от него подарок!,2024-12-11 21:42:48+00:00
eto312,hatiko1945,-,@eto312 пристрелил @hatiko1945 и заслужил от него гифт!,2024-12-11 21:42:30+00:00
eto312,hatiko1945,-,@eto312 пристрелил @hatiko1945 и заслужил от него гифт!,2024-12-11 21:42:23+00:00
-,-,television4ider и eto312,@television4ider и @eto312 убили друг друга и находятся в паритете!,2024-12-11 21:42:18+00:00
-,-,hatiko1945 и eto312,@hatiko1945 и @eto312 убили друг друга и находятся в паритете!,2024-12-11 21:42:13+00:00
eto312,hatiko1945,-,@eto312 пристрелил @hatiko1945 и заслужил от него гифт!,2024-12-11 21:41:50+00:00
eto312,television4ider,-,@eto312 пристрелил @television4ider и заслужил от него гифт!,2024-12-11 21:40:59+00:00
-,-,hatiko1945 и eto312,@hatiko1945 и @eto312 убили друг друга и находятся в паритете!,2024-12-11 21:40:50+00:00
ss_max,eto312,-,@ss_max поставил раком @eto312 и вправе требовать от него подарок!,2024-12-11 21:40:24+00:00
ss_max,eto312,-,@ss_max поставил раком @eto312 и вправе требовать от него подарок!,2024-12-11 21:36:30+00:00
ss_max,eto312,-,@ss_max поставил раком @eto312 и вправе требовать от него подарок!,2024-12-11 21:36:22+00:00
denis_maestrox,eto312,-,@denis_maestrox пристрелил @eto312 и заслужил от него гифт!,2024-12-11 21:36:13+00:00
eto312,ss_max,-,@eto312 пристрелил @ss_max и заслужил от него гифт!,2024-12-11 21:35:37+00:00
eto312,ss_max,-,@eto312 пристрелил @ss_max и заслужил от него гифт!,2024-12-11 21:35:12+00:00
hatiko1945,eto312,-,@hatiko1945 поставил раком @eto312 и вправе требовать от него подарок!,2024-12-11 21:34:39+00:00
-,-,eto312 и denis_maestrox,@eto312 и @denis_maestrox убили друг друга и находятся в паритете!,2024-12-11 21:34:39+00:00
hatiko1945,denis_maestrox,-,@hatiko1945 пристрелил @denis_maestrox и заслужил от него гифт!,2024-12-11 21:34:37+00:00
-,-,VladislavZili и hatiko1945,@VladislavZili и @hatiko1945 убили друг друга и находятся в паритете!,2024-12-11 21:34:31+00:00
-,-,ss_max и ss_max,@ss_max и @ss_max убили друг друга и находятся в паритете!,2024-12-11 21:27:03+00:00
VladislavZili,Da18334,-,@VladislavZili пристрелил @Da18334 и заслужил от него гифт!,2024-12-11 21:15:10+00:00
VladislavZili,denis_maestrox,-,@VladislavZili пристрелил @denis_maestrox и заслужил от него гифт!,2024-12-11 21:14:05+00:00
-,-,denis_maestrox и leshiyronin,@denis_maestrox и @leshiyronin убили друг друга и находятся в паритете!,2024-12-11 21:14:05+00:00
-,-,denis_maestrox и VladislavZili,@denis_maestrox и @VladislavZili убили друг друга и находятся в паритете!,2024-12-11 21:14:05+00:00
-,-,denis_maestrox и ss_max,@denis_maestrox и @ss_max убили друг друга и находятся в паритете!,2024-12-11 21:14:04+00:00
denis_maestrox,eto312,-,@denis_maestrox поставил раком @eto312 и вправе требовать от него подарок!,2024-12-11 21:13:59+00:00
-,-,denis_maestrox и ss_max,@denis_maestrox и @ss_max убили друг друга и находятся в паритете!,2024-12-11 21:13:59+00:00
-,-,denis_maestrox и leshiyronin,@denis_maestrox и @leshiyronin убили друг друга и находятся в паритете!,2024-12-11 21:13:59+00:00
-,-,eto312 и Re1axYolo,@eto312 и @Re1axYolo убили друг друга и находятся в паритете!,2024-12-11 11:40:05+00:00
eto312,denis_maestrox,-,@eto312 пристрелил @denis_maestrox и заслужил от него гифт!,2024-12-11 11:39:22+00:00
-,-,denis_maestrox и eto312,@denis_maestrox и @eto312 убили друг друга и находятся в паритете!,2024-12-11 11:39:16+00:00
-,-,Re1axYolo и eto312,@Re1axYolo и @eto312 убили друг друга и находятся в паритете!,2024-12-11 11:38:25+00:00
ivystropov,denis_maestrox,-,@ivystropov поставил раком @denis_maestrox и вправе требовать от него подарок!,2024-12-11 11:38:14+00:00
-,-,denis_maestrox и eto312,@denis_maestrox и @eto312 убили друг друга и находятся в паритете!,2024-12-11 11:37:15+00:00
arkash_a,Da18334,-,@arkash_a пристрелил @Da18334 и заслужил от него гифт!,2024-12-11 11:36:10+00:00
-,-,Da18334 и arkash_a,@Da18334 и @arkash_a убили друг друга и находятся в паритете!,2024-12-11 11:35:58+00:00
denis_maestrox,arkash_a,-,@denis_maestrox поставил раком @arkash_a и вправе требовать от него подарок!,2024-12-11 11:35:15+00:00
-,-,Da18334 и denis_maestrox,@Da18334 и @denis_maestrox убили друг друга и находятся в паритете!,2024-12-11 11:35:11+00:00
ivystropov,denis_maestrox,-,@ivystropov поставил раком @denis_maestrox и вправе требовать от него подарок!,2024-12-11 11:34:20+00:00
eto312,denis_maestrox,-,@eto312 пристрелил @denis_maestrox и заслужил от него гифт!,2024-12-11 11:33:31+00:00
-,-,eto312 и denis_maestrox,@eto312 и @denis_maestrox убили друг друга и находятся в паритете!,2024-12-11 11:33:21+00:00
Da18334,eto312,-,@Da18334 поставил раком @eto312 и вправе требовать от него подарок!,2024-12-11 11:32:39+00:00
-,-,denis_maestrox и denis_maestrox,@denis_maestrox и @denis_maestrox убили друг друга и находятся в паритете!,2024-12-11 11:32:22+00:00
-,-,denis_maestrox и eto312,@denis_maestrox и @eto312 убили друг друга и находятся в паритете!,2024-12-11 11:32:21+00:00
denis_maestrox,eto312,-,@denis_maestrox пристрелил @eto312 и заслужил от него гифт!,2024-12-11 11:32:10+00:00
-,-,denis_maestrox и eto312,@denis_maestrox и @eto312 убили друг друга и находятся в паритете!,2024-12-11 11:31:57+00:00
ivystropov,denis_maestrox,-,@ivystropov поставил раком @denis_maestrox и вправе требовать от него подарок!,2024-12-11 11:31:55+00:00
ivystropov,denis_maestrox,-,@ivystropov поставил раком @denis_maestrox и вправе требовать от него подарок!,2024-12-11 11:30:33+00:00
sssssaaaaanya,sssssaaaaanya,-,@sssssaaaaanya пристрелил @sssssaaaaanya и заслужил от него гифт!,2024-12-11 10:36:40+00:00
Da18334,television4ider,-,@Da18334 поставил раком @television4ider и вправе требовать от него подарок!,2024-12-11 09:30:21+00:00
Da18334,denis_maestrox,-,@Da18334 поставил раком @denis_maestrox и вправе требовать от него подарок!,2024-12-11 09:29:07+00:00
denis_maestrox,television4ider,-,@denis_maestrox пристрелил @television4ider и заслужил от него гифт!,2024-12-11 09:28:28+00:00
denis_maestrox,television4ider,-,@denis_maestrox поставил раком @television4ider и вправе требовать от него подарок!,2024-12-11 09:25:34+00:00
sssssaaaaanya,ivystropov,-,@sssssaaaaanya поставил раком @ivystropov и вправе требовать от него подарок!,2024-12-11 09:20:20+00:00
sssssaaaaanya,ivystropov,-,@sssssaaaaanya пристрелил @ivystropov и заслужил от него гифт!,2024-12-11 09:18:54+00:00
ivystropov,denis_maestrox,-,@ivystropov поставил раком @denis_maestrox и вправе требовать от него подарок!,2024-12-11 09:18:40+00:00
denis_maestrox,ivystropov,-,@denis_maestrox пристрелил @ivystropov и заслужил от него гифт!,2024-12-11 09:18:10+00:00
leshiyronin,denis_maestrox,-,@leshiyronin пристрелил @denis_maestrox и заслужил от него гифт!,2024-12-11 09:18:10+00:00
denis_maestrox,Da18334,-,@denis_maestrox пристрелил @Da18334 и заслужил от него гифт!,2024-12-11 09:17:55+00:00
denis_maestrox,sssssaaaaanya,-,@denis_maestrox поставил раком @sssssaaaaanya и вправе требовать от него подарок!,2024-12-11 09:17:30+00:00
denis_maestrox,ivystropov,-,@denis_maestrox поставил раком @ivystropov и вправе требовать от него подарок!,2024-12-11 09:17:00+00:00
-,-,ivystropov и denis_maestrox,@ivystropov и @denis_maestrox убили друг друга и находятся в паритете!,2024-12-11 09:16:09+00:00
-,-,sssssaaaaanya и ivystropov,@sssssaaaaanya и @ivystropov убили друг друга и находятся в паритете!,2024-12-11 09:15:38+00:00
denis_maestrox,sssssaaaaanya,-,@denis_maestrox поставил раком @sssssaaaaanya и вправе требовать от него подарок!,2024-12-11 09:13:20+00:00
denis_maestrox,sssssaaaaanya,-,@denis_maestrox пристрелил @sssssaaaaanya и заслужил от него гифт!,2024-12-11 09:12:05+00:00
denis_maestrox,biggmekk,-,@denis_maestrox поставил раком @biggmekk и вправе требовать от него подарок!,2024-12-11 09:11:25+00:00
-,-,VladislavZili и denis_maestrox,@VladislavZili и @denis_maestrox убили друг друга и находятся в паритете!,2024-12-11 09:11:20+00:00
-,-,leshiyronin и leshiyronin,@leshiyronin и @leshiyronin убили друг друга и находятся в паритете!,2024-12-11 09:03:43+00:00
VladislavZili,hatiko1945,-,@VladislavZili поставил раком @hatiko1945 и вправе требовать от него подарок!,2024-12-11 06:40:43+00:00
VladislavZili,hatiko1945,-,@VladislavZili поставил раком @hatiko1945 и вправе требовать от него подарок!,2024-12-11 06:36:21+00:00
-,-,hatiko1945 и VladislavZili,@hatiko1945 и @VladislavZili убили друг друга и находятся в паритете!,2024-12-11 06:34:46+00:00
hatiko1945,VladislavZili,-,@hatiko1945 пристрелил @VladislavZili и заслужил от него гифт!,2024-12-11 06:33:35+00:00
-,-,VladislavZili и hatiko1945,@VladislavZili и @hatiko1945 убили друг друга и находятся в паритете!,2024-12-11 06:33:24+00:00
-,-,hatiko1945 и denis_maestrox,@hatiko1945 и @denis_maestrox убили друг друга и находятся в паритете!,2024-12-11 06:31:40+00:00
hatiko1945,VladislavZili,-,@hatiko1945 пристрелил @VladislavZili и заслужил от него гифт!,2024-12-11 06:29:05+00:00
hatiko1945,VladislavZili,-,@hatiko1945 пристрелил @VladislavZili и заслужил от него гифт!,2024-12-11 06:29:05+00:00
-,-,VladislavZili и hatiko1945,@VladislavZili и @hatiko1945 убили друг друга и находятся в паритете!,2024-12-11 06:29:05+00:00
VladislavZili,hatiko1945,-,@VladislavZili поставил раком @hatiko1945 и вправе требовать от него подарок!,2024-12-11 06:24:22+00:00
hatiko1945,VladislavZili,-,@hatiko1945 пристрелил @VladislavZili и заслужил от него гифт!,2024-12-11 06:22:49+00:00
Da18334,ivystropov,-,@Da18334 поставил раком @ivystropov и вправе требовать от него подарок!,2024-12-11 04:34:45+00:00
Da18334,VladislavZili,-,@Da18334 пристрелил @VladislavZili и заслужил от него гифт!,2024-12-10 21:58:14+00:00
Da18334,Da18334,-,@Da18334 пристрелил @Da18334 и заслужил от него гифт!,2024-12-10 21:56:42+00:00
-,-,ss_max и indianajones_j,@ss_max и @indianajones_j убили друг друга и находятся в паритете!,2024-12-10 21:34:37+00:00
denis_maestrox,n2kdoogy,-,@denis_maestrox пристрелил @n2kdoogy и заслужил от него гифт!,2024-12-10 21:26:22+00:00
VladislavZili,n2kdoogy,-,@VladislavZili пристрелил @n2kdoogy и заслужил от него гифт!,2024-12-10 21:23:50+00:00
-,-,denis_maestrox и VladislavZili,@denis_maestrox и @VladislavZili убили друг друга и находятся в паритете!,2024-12-10 21:22:24+00:00
VladislavZili,ss_max,-,@VladislavZili пристрелил @ss_max и заслужил от него гифт!,2024-12-10 21:15:14+00:00
sssssaaaaanya,denis_maestrox,-,@sssssaaaaanya пристрелил @denis_maestrox и заслужил от него гифт!,2024-12-10 20:53:02+00:00
-,-,sssssaaaaanya и denis_maestrox,@sssssaaaaanya и @denis_maestrox убили друг друга и находятся в паритете!,2024-12-10 20:51:12+00:00
-,-,VladislavZili и denis_maestrox,@VladislavZili и @denis_maestrox убили друг друга и находятся в паритете!,2024-12-10 20:51:03+00:00
denis_maestrox,None,-,@denis_maestrox пристрелил @None и заслужил от него гифт!,2024-12-10 20:50:50+00:00
VladislavZili,denis_maestrox,-,@VladislavZili поставил раком @denis_maestrox и вправе требовать от него подарок!,2024-12-10 20:50:01+00:00
VladislavZili,denis_maestrox,-,@VladislavZili поставил раком @denis_maestrox и вправе требовать от него подарок!,2024-12-10 20:31:55+00:00
VladislavZili,Strapony2k,-,@VladislavZili поставил раком @Strapony2k и вправе требовать от него подарок!,2024-12-10 20:31:00+00:00
denis_maestrox,VladislavZili,-,@denis_maestrox пристрелил @VladislavZili и заслужил от него гифт!,2024-12-10 20:24:41+00:00
sssssaaaaanya,denis_maestrox,-,@sssssaaaaanya поставил раком @denis_maestrox и вправе требовать от него подарок!,2024-12-10 20:24:15+00:00
denis_maestrox,sssssaaaaanya,-,@denis_maestrox пристрелил @sssssaaaaanya и заслужил от него гифт!,2024-12-10 20:23:52+00:00
denis_maestrox,sssssaaaaanya,-,@denis_maestrox поставил раком @sssssaaaaanya и вправе требовать от него подарок!,2024-12-10 20:23:36+00:00
-,-,denis_maestrox и sssssaaaaanya,@denis_maestrox и @sssssaaaaanya убили друг друга и находятся в паритете!,2024-12-10 20:23:23+00:00
denis_maestrox,sssssaaaaanya,-,@denis_maestrox поставил раком @sssssaaaaanya и вправе требовать от него подарок!,2024-12-10 20:22:24+00:00
-,-,VladislavZili и denis_maestrox,@VladislavZili и @denis_maestrox убили друг друга и находятся в паритете!,2024-12-10 20:22:06+00:00
VladislavZili,denis_maestrox,-,@VladislavZili поставил раком @denis_maestrox и вправе требовать от него подарок!,2024-12-10 20:21:11+00:00
denis_maestrox,VladislavZili,-,@denis_maestrox пристрелил @VladislavZili и заслужил от него гифт!,2024-12-10 20:12:39+00:00
VladislavZili,sssssaaaaanya,-,@VladislavZili пристрелил @sssssaaaaanya и заслужил от него гифт!,2024-12-10 20:09:21+00:00
denis_maestrox,None,-,@denis_maestrox поставил раком @None и вправе требовать от него подарок!,2024-12-10 20:07:22+00:00
sssssaaaaanya,denis_maestrox,-,@sssssaaaaanya пристрелил @denis_maestrox и заслужил от него гифт!,2024-12-10 19:43:29+00:00
sssssaaaaanya,mrroomerz,-,@sssssaaaaanya пристрелил @mrroomerz и заслужил от него гифт!,2024-12-10 19:38:53+00:00
sssssaaaaanya,7187106984,-,@sssssaaaaanya поставил раком @7187106984 и вправе требовать от него подарок!,2024-12-10 19:37:46+00:00
350712573,ss_max,-,@350712573 пристрелил @ss_max и заслужил от него гифт!,2024-12-10 18:27:21+00:00
